experiment,group,PID,cued,response,Hits,Total,Present,Selected,Misses,FalseAlarms,CorrectRejections,Recall,Precision,F1,F1chance
felt touch,ASD,asd01,attention,attention,10,60,10,14,0,4,46,1,0.7142857142857143,0.8333333333333333,0.2857142857142857
felt touch,ASD,asd01,calming,calming,2,60,10,16,8,14,36,0.2,0.125,0.15384615384615385,0.2857142857142857
felt touch,ASD,asd01,gratitude,gratitude,0,60,10,1,10,1,49,0,0,0,0.2857142857142857
felt touch,ASD,asd01,happiness,happiness,10,60,10,10,0,0,50,1,1,1,0.2857142857142857
felt touch,ASD,asd01,love,love,10,60,10,18,0,8,42,1,0.5555555555555556,0.7142857142857143,0.2857142857142857
felt touch,ASD,asd01,sadness,sadness,0,60,10,1,10,1,49,0,0,0,0.2857142857142857
felt touch,ASD,asd02,attention,attention,10,60,10,22,0,12,38,1,0.45454545454545453,0.625,0.2857142857142857
felt touch,ASD,asd02,calming,calming,6,60,10,8,4,2,48,0.6,0.75,0.6666666666666665,0.2857142857142857
felt touch,ASD,asd02,gratitude,gratitude,0,60,10,1,10,1,49,0,0,0,0.2857142857142857
felt touch,ASD,asd02,happiness,happiness,8,60,10,8,2,0,50,0.8,1,0.888888888888889,0.2857142857142857
felt touch,ASD,asd02,love,love,8,60,10,8,2,0,50,0.8,1,0.888888888888889,0.2857142857142857
felt touch,ASD,asd02,sadness,sadness,7,60,10,10,3,3,47,0.7,0.7,0.7,0.2857142857142857
felt touch,ASD,asd03,attention,attention,10,60,10,30,0,20,30,1,0.3333333333333333,0.5,0.2857142857142857
felt touch,ASD,asd03,calming,calming,1,60,10,11,9,10,40,0.1,0.09090909090909091,0.09523809523809525,0.2857142857142857
felt touch,ASD,asd03,gratitude,gratitude,0,60,10,0,10,0,50,0,0,0,0.2857142857142857
felt touch,ASD,asd03,happiness,happiness,0,60,10,0,10,0,50,0,0,0,0.2857142857142857
felt touch,ASD,asd03,love,love,0,60,10,9,10,9,41,0,0,0,0.2857142857142857
felt touch,ASD,asd03,sadness,sadness,10,60,10,10,0,0,50,1,1,1,0.2857142857142857
felt touch,ASD,asd04,attention,attention,10,60,10,20,0,10,40,1,0.5,0.6666666666666666,0.2857142857142857
felt touch,ASD,asd04,calming,calming,2,60,10,4,8,2,48,0.2,0.5,0.28571428571428575,0.2857142857142857
felt touch,ASD,asd04,gratitude,gratitude,0,60,10,7,10,7,43,0,0,0,0.2857142857142857
felt touch,ASD,asd04,happiness,happiness,10,60,10,10,0,0,50,1,1,1,0.2857142857142857
felt touch,ASD,asd04,love,love,10,60,10,13,0,3,47,1,0.7692307692307693,0.8695652173913044,0.2857142857142857
felt touch,ASD,asd04,sadness,sadness,5,60,10,6,5,1,49,0.5,0.8333333333333334,0.625,0.2857142857142857
felt touch,ASD,asd05,attention,attention,9,60,10,9,1,0,50,0.9,1,0.9473684210526316,0.2857142857142857
felt touch,ASD,asd05,calming,calming,7,60,10,10,3,3,47,0.7,0.7,0.7,0.2857142857142857
felt touch,ASD,asd05,gratitude,gratitude,0,60,10,0,10,0,50,0,0,0,0.2857142857142857
felt touch,ASD,asd05,happiness,happiness,1,60,10,1,9,0,50,0.1,1,0.18181818181818182,0.2857142857142857
felt touch,ASD,asd05,love,love,9,60,10,9,1,0,50,0.9,1,0.9473684210526316,0.2857142857142857
felt touch,ASD,asd05,sadness,sadness,2,60,10,2,8,0,50,0.2,1,0.33333333333333337,0.2857142857142857
felt touch,ASD,asd06,attention,attention,10,60,10,11,0,1,49,1,0.9090909090909091,0.9523809523809523,0.2857142857142857
felt touch,ASD,asd06,calming,calming,8,60,10,12,2,4,46,0.8,0.6666666666666666,0.7272727272727272,0.2857142857142857
felt touch,ASD,asd06,gratitude,gratitude,2,60,10,4,8,2,48,0.2,0.5,0.28571428571428575,0.2857142857142857
felt touch,ASD,asd06,happiness,happiness,0,60,10,7,10,7,43,0,0,0,0.2857142857142857
felt touch,ASD,asd06,love,love,10,60,10,12,0,2,48,1,0.8333333333333334,0.9090909090909091,0.2857142857142857
felt touch,ASD,asd06,sadness,sadness,4,60,10,4,6,0,50,0.4,1,0.5714285714285715,0.2857142857142857
felt touch,ASD,asd07,attention,attention,8,60,10,18,2,10,40,0.8,0.4444444444444444,0.5714285714285714,0.2857142857142857
felt touch,ASD,asd07,calming,calming,0,60,10,2,10,2,48,0,0,0,0.2857142857142857
felt touch,ASD,asd07,gratitude,gratitude,1,60,10,15,9,14,36,0.1,0.06666666666666667,0.08,0.2857142857142857
felt touch,ASD,asd07,happiness,happiness,0,60,10,7,10,7,43,0,0,0,0.2857142857142857
felt touch,ASD,asd07,love,love,0,60,10,6,10,6,44,0,0,0,0.2857142857142857
felt touch,ASD,asd07,sadness,sadness,2,60,10,12,8,10,40,0.2,0.16666666666666666,0.1818181818181818,0.2857142857142857
felt touch,ASD,asd08,attention,attention,10,60,10,28,0,18,32,1,0.35714285714285715,0.5263157894736842,0.2857142857142857
felt touch,ASD,asd08,calming,calming,0,60,10,0,10,0,50,0,0,0,0.2857142857142857
felt touch,ASD,asd08,gratitude,gratitude,0,60,10,0,10,0,50,0,0,0,0.2857142857142857
felt touch,ASD,asd08,happiness,happiness,1,60,10,1,9,0,50,0.1,1,0.18181818181818182,0.2857142857142857
felt touch,ASD,asd08,love,love,10,60,10,18,0,8,42,1,0.5555555555555556,0.7142857142857143,0.2857142857142857
felt touch,ASD,asd08,sadness,sadness,10,60,10,13,0,3,47,1,0.7692307692307693,0.8695652173913044,0.2857142857142857
felt touch,ASD,asd09,attention,attention,10,60,10,17,0,7,43,1,0.5882352941176471,0.7407407407407407,0.2857142857142857
felt touch,ASD,asd09,calming,calming,10,60,10,20,0,10,40,1,0.5,0.6666666666666666,0.2857142857142857
felt touch,ASD,asd09,gratitude,gratitude,0,60,10,0,10,0,50,0,0,0,0.2857142857142857
felt touch,ASD,asd09,happiness,happiness,0,60,10,0,10,0,50,0,0,0,0.2857142857142857
felt touch,ASD,asd09,love,love,0,60,10,0,10,0,50,0,0,0,0.2857142857142857
felt touch,ASD,asd09,sadness,sadness,0,60,10,0,10,0,50,0,0,0,0.2857142857142857
felt touch,ASD,asd10,attention,attention,7,60,10,7,3,0,50,0.7,1,0.8235294117647058,0.2857142857142857
felt touch,ASD,asd10,calming,calming,8,60,10,17,2,9,41,0.8,0.47058823529411764,0.5925925925925927,0.2857142857142857
felt touch,ASD,asd10,gratitude,gratitude,7,60,10,7,3,0,50,0.7,1,0.8235294117647058,0.2857142857142857
felt touch,ASD,asd10,happiness,happiness,0,60,10,0,10,0,50,0,0,0,0.2857142857142857
felt touch,ASD,asd10,love,love,8,60,10,10,2,2,48,0.8,0.8,0.8000000000000002,0.2857142857142857
felt touch,ASD,asd10,sadness,sadness,3,60,10,5,7,2,48,0.3,0.6,0.4,0.2857142857142857
felt touch,ASD,asd10a,attention,attention,7,60,10,27,3,20,30,0.7,0.25925925925925924,0.37837837837837834,0.2857142857142857
felt touch,ASD,asd10a,calming,calming,8,60,10,12,2,4,46,0.8,0.6666666666666666,0.7272727272727272,0.2857142857142857
felt touch,ASD,asd10a,gratitude,gratitude,0,60,10,0,10,0,50,0,0,0,0.2857142857142857
felt touch,ASD,asd10a,happiness,happiness,0,60,10,2,10,2,48,0,0,0,0.2857142857142857
felt touch,ASD,asd10a,love,love,1,60,10,1,9,0,50,0.1,1,0.18181818181818182,0.2857142857142857
felt touch,ASD,asd10a,sadness,sadness,2,60,10,2,8,0,50,0.2,1,0.33333333333333337,0.2857142857142857
felt touch,ASD,asd11,attention,attention,7,60,10,18,3,11,39,0.7,0.3888888888888889,0.5,0.2857142857142857
felt touch,ASD,asd11,calming,calming,3,60,10,10,7,7,43,0.3,0.3,0.3,0.2857142857142857
felt touch,ASD,asd11,gratitude,gratitude,0,60,10,6,10,6,44,0,0,0,0.2857142857142857
felt touch,ASD,asd11,happiness,happiness,4,60,10,11,6,7,43,0.4,0.36363636363636365,0.380952380952381,0.2857142857142857
felt touch,ASD,asd11,love,love,4,60,10,6,6,2,48,0.4,0.6666666666666666,0.5,0.2857142857142857
felt touch,ASD,asd11,sadness,sadness,2,60,10,5,8,3,47,0.2,0.4,0.26666666666666666,0.2857142857142857
felt touch,ASD,asd12,attention,attention,10,60,10,19,0,9,41,1,0.5263157894736842,0.6896551724137931,0.2857142857142857
felt touch,ASD,asd12,calming,calming,10,60,10,12,0,2,48,1,0.8333333333333334,0.9090909090909091,0.2857142857142857
felt touch,ASD,asd12,gratitude,gratitude,2,60,10,7,8,5,45,0.2,0.2857142857142857,0.23529411764705882,0.2857142857142857
felt touch,ASD,asd12,happiness,happiness,5,60,10,5,5,0,50,0.5,1,0.6666666666666666,0.2857142857142857
felt touch,ASD,asd12,love,love,9,60,10,11,1,2,48,0.9,0.8181818181818182,0.8571428571428572,0.2857142857142857
felt touch,ASD,asd12,sadness,sadness,2,60,10,2,8,0,50,0.2,1,0.33333333333333337,0.2857142857142857
felt touch,ASD,asd13,attention,attention,9,61,10,20,1,11,40,0.9,0.45,0.6,0.28169014084507044
felt touch,ASD,asd13,calming,calming,9,61,10,15,1,6,45,0.9,0.6,0.7200000000000001,0.28169014084507044
felt touch,ASD,asd13,gratitude,gratitude,2,61,10,5,8,3,48,0.2,0.4,0.26666666666666666,0.28169014084507044
felt touch,ASD,asd13,happiness,happiness,0,61,11,4,11,4,46,0,0,0,0.3055555555555556
felt touch,ASD,asd13,love,love,0,61,10,8,10,8,43,0,0,0,0.28169014084507044
felt touch,ASD,asd13,sadness,sadness,0,61,10,4,10,4,47,0,0,0,0.28169014084507044
felt touch,ASD,asd14,attention,attention,10,60,10,15,0,5,45,1,0.6666666666666666,0.8,0.2857142857142857
felt touch,ASD,asd14,calming,calming,5,60,10,12,5,7,43,0.5,0.4166666666666667,0.45454545454545453,0.2857142857142857
felt touch,ASD,asd14,gratitude,gratitude,7,60,10,10,3,3,47,0.7,0.7,0.7,0.2857142857142857
felt touch,ASD,asd14,happiness,happiness,7,60,10,9,3,2,48,0.7,0.7777777777777778,0.7368421052631577,0.2857142857142857
felt touch,ASD,asd14,love,love,2,60,10,5,8,3,47,0.2,0.4,0.26666666666666666,0.2857142857142857
felt touch,ASD,asd14,sadness,sadness,1,60,10,6,9,5,45,0.1,0.16666666666666666,0.125,0.2857142857142857
felt touch,ASD,asd15,attention,attention,10,60,10,11,0,1,49,1,0.9090909090909091,0.9523809523809523,0.2857142857142857
felt touch,ASD,asd15,calming,calming,3,60,10,5,7,2,48,0.3,0.6,0.4,0.2857142857142857
felt touch,ASD,asd15,gratitude,gratitude,2,60,10,6,8,4,46,0.2,0.3333333333333333,0.25,0.2857142857142857
felt touch,ASD,asd15,happiness,happiness,4,60,10,7,6,3,47,0.4,0.5714285714285714,0.47058823529411764,0.2857142857142857
felt touch,ASD,asd15,love,love,7,60,10,8,3,1,49,0.7,0.875,0.7777777777777777,0.2857142857142857
felt touch,ASD,asd15,sadness,sadness,1,60,10,7,9,6,44,0.1,0.14285714285714285,0.11764705882352941,0.2857142857142857
felt touch,ASD,asd16,attention,attention,10,60,10,12,0,2,48,1,0.8333333333333334,0.9090909090909091,0.2857142857142857
felt touch,ASD,asd16,calming,calming,6,60,10,9,4,3,47,0.6,0.6666666666666666,0.631578947368421,0.2857142857142857
felt touch,ASD,asd16,gratitude,gratitude,4,60,10,6,6,2,48,0.4,0.6666666666666666,0.5,0.2857142857142857
felt touch,ASD,asd16,happiness,happiness,4,60,10,6,6,2,48,0.4,0.6666666666666666,0.5,0.2857142857142857
felt touch,ASD,asd16,love,love,6,60,10,9,4,3,47,0.6,0.6666666666666666,0.631578947368421,0.2857142857142857
felt touch,ASD,asd16,sadness,sadness,4,60,10,8,6,4,46,0.4,0.5,0.4444444444444445,0.2857142857142857
felt touch,ASD,asd17,attention,attention,9,60,10,13,1,4,46,0.9,0.6923076923076923,0.7826086956521738,0.2857142857142857
felt touch,ASD,asd17,calming,calming,2,60,10,11,8,9,41,0.2,0.18181818181818182,0.1904761904761905,0.2857142857142857
felt touch,ASD,asd17,gratitude,gratitude,4,60,10,9,6,5,45,0.4,0.4444444444444444,0.4210526315789474,0.2857142857142857
felt touch,ASD,asd17,happiness,happiness,0,60,10,5,10,5,45,0,0,0,0.2857142857142857
felt touch,ASD,asd17,love,love,4,60,10,9,6,5,45,0.4,0.4444444444444444,0.4210526315789474,0.2857142857142857
felt touch,ASD,asd17,sadness,sadness,0,60,10,9,10,9,41,0,0,0,0.2857142857142857
felt touch,ASD,asd18,attention,attention,10,60,10,19,0,9,41,1,0.5263157894736842,0.6896551724137931,0.2857142857142857
felt touch,ASD,asd18,calming,calming,9,60,10,21,1,12,38,0.9,0.42857142857142855,0.5806451612903225,0.2857142857142857
felt touch,ASD,asd18,gratitude,gratitude,0,60,10,0,10,0,50,0,0,0,0.2857142857142857
felt touch,ASD,asd18,happiness,happiness,0,60,10,0,10,0,50,0,0,0,0.2857142857142857
felt touch,ASD,asd18,love,love,10,60,10,11,0,1,49,1,0.9090909090909091,0.9523809523809523,0.2857142857142857
felt touch,ASD,asd18,sadness,sadness,0,60,10,0,10,0,50,0,0,0,0.2857142857142857
felt touch,ASD,asd20,attention,attention,8,60,10,24,2,16,34,0.8,0.3333333333333333,0.47058823529411764,0.2857142857142857
felt touch,ASD,asd20,calming,calming,4,60,10,13,6,9,41,0.4,0.3076923076923077,0.34782608695652173,0.2857142857142857
felt touch,ASD,asd20,gratitude,gratitude,1,60,10,2,9,1,49,0.1,0.5,0.16666666666666669,0.2857142857142857
felt touch,ASD,asd20,happiness,happiness,1,60,10,4,9,3,47,0.1,0.25,0.14285714285714288,0.2857142857142857
felt touch,ASD,asd20,love,love,5,60,10,14,5,9,41,0.5,0.35714285714285715,0.41666666666666663,0.2857142857142857
felt touch,ASD,asd20,sadness,sadness,1,60,10,3,9,2,48,0.1,0.3333333333333333,0.15384615384615383,0.2857142857142857
felt touch,ASD,asd20a,attention,attention,10,60,10,21,0,11,39,1,0.47619047619047616,0.6451612903225806,0.2857142857142857
felt touch,ASD,asd20a,calming,calming,7,60,10,12,3,5,45,0.7,0.5833333333333334,0.6363636363636365,0.2857142857142857
felt touch,ASD,asd20a,gratitude,gratitude,0,60,10,8,10,8,42,0,0,0,0.2857142857142857
felt touch,ASD,asd20a,happiness,happiness,0,60,10,10,10,10,40,0,0,0,0.2857142857142857
felt touch,ASD,asd20a,love,love,6,60,10,6,4,0,50,0.6,1,0.7499999999999999,0.2857142857142857
felt touch,ASD,asd20a,sadness,sadness,3,60,10,3,7,0,50,0.3,1,0.4615384615384615,0.2857142857142857
felt touch,ASD,asd21,attention,attention,10,60,10,18,0,8,42,1,0.5555555555555556,0.7142857142857143,0.2857142857142857
felt touch,ASD,asd21,calming,calming,9,60,10,22,1,13,37,0.9,0.4090909090909091,0.5625000000000001,0.2857142857142857
felt touch,ASD,asd21,gratitude,gratitude,0,60,10,0,10,0,50,0,0,0,0.2857142857142857
felt touch,ASD,asd21,happiness,happiness,5,60,10,5,5,0,50,0.5,1,0.6666666666666666,0.2857142857142857
felt touch,ASD,asd21,love,love,7,60,10,14,3,7,43,0.7,0.5,0.5833333333333334,0.2857142857142857
felt touch,ASD,asd21,sadness,sadness,0,60,10,1,10,1,49,0,0,0,0.2857142857142857
felt touch,ASD,asd22,attention,attention,9,60,10,16,1,7,43,0.9,0.5625,0.6923076923076923,0.2857142857142857
felt touch,ASD,asd22,calming,calming,6,60,10,12,4,6,44,0.6,0.5,0.5454545454545454,0.2857142857142857
felt touch,ASD,asd22,gratitude,gratitude,6,60,10,11,4,5,45,0.6,0.5454545454545454,0.5714285714285713,0.2857142857142857
felt touch,ASD,asd22,happiness,happiness,1,60,10,3,9,2,48,0.1,0.3333333333333333,0.15384615384615383,0.2857142857142857
felt touch,ASD,asd22,love,love,3,60,10,8,7,5,45,0.3,0.375,0.33333333333333326,0.2857142857142857
felt touch,ASD,asd22,sadness,sadness,2,60,10,7,8,5,45,0.2,0.2857142857142857,0.23529411764705882,0.2857142857142857
felt touch,ASD,asd23,attention,attention,10,60,10,15,0,5,45,1,0.6666666666666666,0.8,0.2857142857142857
felt touch,ASD,asd23,calming,calming,10,60,10,18,0,8,42,1,0.5555555555555556,0.7142857142857143,0.2857142857142857
felt touch,ASD,asd23,gratitude,gratitude,0,60,10,1,10,1,49,0,0,0,0.2857142857142857
felt touch,ASD,asd23,happiness,happiness,10,60,10,15,0,5,45,1,0.6666666666666666,0.8,0.2857142857142857
felt touch,ASD,asd23,love,love,10,60,10,10,0,0,50,1,1,1,0.2857142857142857
felt touch,ASD,asd23,sadness,sadness,0,60,10,0,10,0,50,0,0,0,0.2857142857142857
felt touch,ASD,asd24,attention,attention,10,60,10,10,0,0,50,1,1,1,0.2857142857142857
felt touch,ASD,asd24,calming,calming,10,60,10,16,0,6,44,1,0.625,0.7692307692307693,0.2857142857142857
felt touch,ASD,asd24,gratitude,gratitude,8,60,10,8,2,0,50,0.8,1,0.888888888888889,0.2857142857142857
felt touch,ASD,asd24,happiness,happiness,0,60,10,1,10,1,49,0,0,0,0.2857142857142857
felt touch,ASD,asd24,love,love,8,60,10,8,2,0,50,0.8,1,0.888888888888889,0.2857142857142857
felt touch,ASD,asd24,sadness,sadness,7,60,10,7,3,0,50,0.7,1,0.8235294117647058,0.2857142857142857
felt touch,ASD,asd25,attention,attention,10,60,10,11,0,1,49,1,0.9090909090909091,0.9523809523809523,0.2857142857142857
felt touch,ASD,asd25,calming,calming,10,60,10,11,0,1,49,1,0.9090909090909091,0.9523809523809523,0.2857142857142857
felt touch,ASD,asd25,gratitude,gratitude,8,60,10,9,2,1,49,0.8,0.8888888888888888,0.8421052631578948,0.2857142857142857
felt touch,ASD,asd25,happiness,happiness,9,60,10,10,1,1,49,0.9,0.9,0.9,0.2857142857142857
felt touch,ASD,asd25,love,love,7,60,10,8,3,1,49,0.7,0.875,0.7777777777777777,0.2857142857142857
felt touch,ASD,asd25,sadness,sadness,6,60,10,7,4,1,49,0.6,0.8571428571428571,0.7058823529411764,0.2857142857142857
felt touch,ASD,asd26,attention,attention,9,60,10,12,1,3,47,0.9,0.75,0.8181818181818182,0.2857142857142857
felt touch,ASD,asd26,calming,calming,4,60,10,11,6,7,43,0.4,0.36363636363636365,0.380952380952381,0.2857142857142857
felt touch,ASD,asd26,gratitude,gratitude,5,60,10,6,5,1,49,0.5,0.8333333333333334,0.625,0.2857142857142857
felt touch,ASD,asd26,happiness,happiness,5,60,10,6,5,1,49,0.5,0.8333333333333334,0.625,0.2857142857142857
felt touch,ASD,asd26,love,love,3,60,10,9,7,6,44,0.3,0.3333333333333333,0.3157894736842105,0.2857142857142857
felt touch,ASD,asd26,sadness,sadness,6,60,10,9,4,3,47,0.6,0.6666666666666666,0.631578947368421,0.2857142857142857
felt touch,ASD,asd27,attention,attention,10,60,10,12,0,2,48,1,0.8333333333333334,0.9090909090909091,0.2857142857142857
felt touch,ASD,asd27,calming,calming,8,60,10,13,2,5,45,0.8,0.6153846153846154,0.6956521739130435,0.2857142857142857
felt touch,ASD,asd27,gratitude,gratitude,8,60,10,10,2,2,48,0.8,0.8,0.8000000000000002,0.2857142857142857
felt touch,ASD,asd27,happiness,happiness,10,60,10,10,0,0,50,1,1,1,0.2857142857142857
felt touch,ASD,asd27,love,love,8,60,10,9,2,1,49,0.8,0.8888888888888888,0.8421052631578948,0.2857142857142857
felt touch,ASD,asd27,sadness,sadness,6,60,10,6,4,0,50,0.6,1,0.7499999999999999,0.2857142857142857
felt touch,ASD,asd28,attention,attention,10,60,10,19,0,9,41,1,0.5263157894736842,0.6896551724137931,0.2857142857142857
felt touch,ASD,asd28,calming,calming,9,60,10,12,1,3,47,0.9,0.75,0.8181818181818182,0.2857142857142857
felt touch,ASD,asd28,gratitude,gratitude,4,60,10,5,6,1,49,0.4,0.8,0.5333333333333333,0.2857142857142857
felt touch,ASD,asd28,happiness,happiness,1,60,10,1,9,0,50,0.1,1,0.18181818181818182,0.2857142857142857
felt touch,ASD,asd28,love,love,9,60,10,10,1,1,49,0.9,0.9,0.9,0.2857142857142857
felt touch,ASD,asd28,sadness,sadness,8,60,10,11,2,3,47,0.8,0.7272727272727273,0.761904761904762,0.2857142857142857
felt touch,ASD,asd29,attention,attention,10,60,10,13,0,3,47,1,0.7692307692307693,0.8695652173913044,0.2857142857142857
felt touch,ASD,asd29,calming,calming,7,60,10,10,3,3,47,0.7,0.7,0.7,0.2857142857142857
felt touch,ASD,asd29,gratitude,gratitude,8,60,10,15,2,7,43,0.8,0.5333333333333333,0.64,0.2857142857142857
felt touch,ASD,asd29,happiness,happiness,0,60,10,2,10,2,48,0,0,0,0.2857142857142857
felt touch,ASD,asd29,love,love,10,60,10,12,0,2,48,1,0.8333333333333334,0.9090909090909091,0.2857142857142857
felt touch,ASD,asd29,sadness,sadness,1,60,10,1,9,0,50,0.1,1,0.18181818181818182,0.2857142857142857
felt touch,ASD,asd30,attention,attention,10,60,10,17,0,7,43,1,0.5882352941176471,0.7407407407407407,0.2857142857142857
felt touch,ASD,asd30,calming,calming,5,60,10,12,5,7,43,0.5,0.4166666666666667,0.45454545454545453,0.2857142857142857
felt touch,ASD,asd30,gratitude,gratitude,4,60,10,5,6,1,49,0.4,0.8,0.5333333333333333,0.2857142857142857
felt touch,ASD,asd30,happiness,happiness,6,60,10,10,4,4,46,0.6,0.6,0.6,0.2857142857142857
felt touch,ASD,asd30,love,love,6,60,10,11,4,5,45,0.6,0.5454545454545454,0.5714285714285713,0.2857142857142857
felt touch,ASD,asd30,sadness,sadness,5,60,10,5,5,0,50,0.5,1,0.6666666666666666,0.2857142857142857
felt touch,ASD,asd31,attention,attention,10,60,10,22,0,12,38,1,0.45454545454545453,0.625,0.2857142857142857
felt touch,ASD,asd31,calming,calming,3,60,10,13,7,10,40,0.3,0.23076923076923078,0.2608695652173913,0.2857142857142857
felt touch,ASD,asd31,gratitude,gratitude,0,60,10,5,10,5,45,0,0,0,0.2857142857142857
felt touch,ASD,asd31,happiness,happiness,7,60,10,7,3,0,50,0.7,1,0.8235294117647058,0.2857142857142857
felt touch,ASD,asd31,love,love,3,60,10,12,7,9,41,0.3,0.25,0.2727272727272727,0.2857142857142857
felt touch,ASD,asd31,sadness,sadness,0,60,10,0,10,0,50,0,0,0,0.2857142857142857
felt touch,ASD,asd32,attention,attention,10,60,10,14,0,4,46,1,0.7142857142857143,0.8333333333333333,0.2857142857142857
felt touch,ASD,asd32,calming,calming,4,60,10,16,6,12,38,0.4,0.25,0.3076923076923077,0.2857142857142857
felt touch,ASD,asd32,gratitude,gratitude,8,60,10,10,2,2,48,0.8,0.8,0.8000000000000002,0.2857142857142857
felt touch,ASD,asd32,happiness,happiness,5,60,10,6,5,1,49,0.5,0.8333333333333334,0.625,0.2857142857142857
felt touch,ASD,asd32,love,love,0,60,10,5,10,5,45,0,0,0,0.2857142857142857
felt touch,ASD,asd32,sadness,sadness,6,60,10,7,4,1,49,0.6,0.8571428571428571,0.7058823529411764,0.2857142857142857
felt touch,ASD,asd33,attention,attention,10,60,10,17,0,7,43,1,0.5882352941176471,0.7407407407407407,0.2857142857142857
felt touch,ASD,asd33,calming,calming,5,60,10,12,5,7,43,0.5,0.4166666666666667,0.45454545454545453,0.2857142857142857
felt touch,ASD,asd33,gratitude,gratitude,1,60,10,1,9,0,50,0.1,1,0.18181818181818182,0.2857142857142857
felt touch,ASD,asd33,happiness,happiness,5,60,10,6,5,1,49,0.5,0.8333333333333334,0.625,0.2857142857142857
felt touch,ASD,asd33,love,love,2,60,10,12,8,10,40,0.2,0.16666666666666666,0.1818181818181818,0.2857142857142857
felt touch,ASD,asd33,sadness,sadness,0,60,10,1,10,1,49,0,0,0,0.2857142857142857
felt touch,Control,sub01,attention,attention,10,60,10,10,0,0,50,1,1,1,0.2857142857142857
felt touch,Control,sub01,calming,calming,9,60,10,13,1,4,46,0.9,0.6923076923076923,0.7826086956521738,0.2857142857142857
felt touch,Control,sub01,gratitude,gratitude,1,60,10,10,9,9,41,0.1,0.1,0.10000000000000002,0.2857142857142857
felt touch,Control,sub01,happiness,happiness,6,60,10,6,4,0,50,0.6,1,0.7499999999999999,0.2857142857142857
felt touch,Control,sub01,love,love,9,60,10,12,1,3,47,0.9,0.75,0.8181818181818182,0.2857142857142857
felt touch,Control,sub01,sadness,sadness,0,60,10,8,10,8,42,0,0,0,0.2857142857142857
felt touch,Control,sub02,attention,attention,10,60,10,12,0,2,48,1,0.8333333333333334,0.9090909090909091,0.2857142857142857
felt touch,Control,sub02,calming,calming,9,60,10,12,1,3,47,0.9,0.75,0.8181818181818182,0.2857142857142857
felt touch,Control,sub02,gratitude,gratitude,2,60,10,7,8,5,45,0.2,0.2857142857142857,0.23529411764705882,0.2857142857142857
felt touch,Control,sub02,happiness,happiness,0,60,10,4,10,4,46,0,0,0,0.2857142857142857
felt touch,Control,sub02,love,love,10,60,10,10,0,0,50,1,1,1,0.2857142857142857
felt touch,Control,sub02,sadness,sadness,3,60,10,6,7,3,47,0.3,0.5,0.37499999999999994,0.2857142857142857
felt touch,Control,sub03,attention,attention,10,60,10,20,0,10,40,1,0.5,0.6666666666666666,0.2857142857142857
felt touch,Control,sub03,calming,calming,10,60,10,20,0,10,40,1,0.5,0.6666666666666666,0.2857142857142857
felt touch,Control,sub03,gratitude,gratitude,0,60,10,0,10,0,50,0,0,0,0.2857142857142857
felt touch,Control,sub03,happiness,happiness,10,60,10,10,0,0,50,1,1,1,0.2857142857142857
felt touch,Control,sub03,love,love,10,60,10,10,0,0,50,1,1,1,0.2857142857142857
felt touch,Control,sub03,sadness,sadness,0,60,10,0,10,0,50,0,0,0,0.2857142857142857
felt touch,Control,sub04,attention,attention,10,60,10,19,0,9,41,1,0.5263157894736842,0.6896551724137931,0.2857142857142857
felt touch,Control,sub04,calming,calming,5,60,10,14,5,9,41,0.5,0.35714285714285715,0.41666666666666663,0.2857142857142857
felt touch,Control,sub04,gratitude,gratitude,0,60,10,0,10,0,50,0,0,0,0.2857142857142857
felt touch,Control,sub04,happiness,happiness,9,60,10,9,1,0,50,0.9,1,0.9473684210526316,0.2857142857142857
felt touch,Control,sub04,love,love,10,60,10,16,0,6,44,1,0.625,0.7692307692307693,0.2857142857142857
felt touch,Control,sub04,sadness,sadness,0,60,10,0,10,0,50,0,0,0,0.2857142857142857
felt touch,Control,sub05,attention,attention,10,60,10,10,0,0,50,1,1,1,0.2857142857142857
felt touch,Control,sub05,calming,calming,1,60,10,7,9,6,44,0.1,0.14285714285714285,0.11764705882352941,0.2857142857142857
felt touch,Control,sub05,gratitude,gratitude,0,60,10,0,10,0,50,0,0,0,0.2857142857142857
felt touch,Control,sub05,happiness,happiness,1,60,10,1,9,0,50,0.1,1,0.18181818181818182,0.2857142857142857
felt touch,Control,sub05,love,love,10,60,10,22,0,12,38,1,0.45454545454545453,0.625,0.2857142857142857
felt touch,Control,sub05,sadness,sadness,8,60,10,12,2,4,46,0.8,0.6666666666666666,0.7272727272727272,0.2857142857142857
felt touch,Control,sub06,attention,attention,9,60,10,10,1,1,49,0.9,0.9,0.9,0.2857142857142857
felt touch,Control,sub06,calming,calming,10,60,10,18,0,8,42,1,0.5555555555555556,0.7142857142857143,0.2857142857142857
felt touch,Control,sub06,gratitude,gratitude,2,60,10,6,8,4,46,0.2,0.3333333333333333,0.25,0.2857142857142857
felt touch,Control,sub06,happiness,happiness,8,60,10,9,2,1,49,0.8,0.8888888888888888,0.8421052631578948,0.2857142857142857
felt touch,Control,sub06,love,love,8,60,10,12,2,4,46,0.8,0.6666666666666666,0.7272727272727272,0.2857142857142857
felt touch,Control,sub06,sadness,sadness,2,60,10,3,8,1,49,0.2,0.6666666666666666,0.30769230769230765,0.2857142857142857
felt touch,Control,sub07,attention,attention,9,60,10,9,1,0,50,0.9,1,0.9473684210526316,0.2857142857142857
felt touch,Control,sub07,calming,calming,1,60,10,11,9,10,40,0.1,0.09090909090909091,0.09523809523809525,0.2857142857142857
felt touch,Control,sub07,gratitude,gratitude,7,60,10,10,3,3,47,0.7,0.7,0.7,0.2857142857142857
felt touch,Control,sub07,happiness,happiness,10,60,10,10,0,0,50,1,1,1,0.2857142857142857
felt touch,Control,sub07,love,love,10,60,10,19,0,9,41,1,0.5263157894736842,0.6896551724137931,0.2857142857142857
felt touch,Control,sub07,sadness,sadness,1,60,10,1,9,0,50,0.1,1,0.18181818181818182,0.2857142857142857
felt touch,Control,sub08,attention,attention,10,60,10,12,0,2,48,1,0.8333333333333334,0.9090909090909091,0.2857142857142857
felt touch,Control,sub08,calming,calming,4,60,10,10,6,6,44,0.4,0.4,0.4000000000000001,0.2857142857142857
felt touch,Control,sub08,gratitude,gratitude,4,60,10,10,6,6,44,0.4,0.4,0.4000000000000001,0.2857142857142857
felt touch,Control,sub08,happiness,happiness,0,60,10,6,10,6,44,0,0,0,0.2857142857142857
felt touch,Control,sub08,love,love,6,60,10,13,4,7,43,0.6,0.46153846153846156,0.5217391304347826,0.2857142857142857
felt touch,Control,sub08,sadness,sadness,0,60,10,0,10,0,50,0,0,0,0.2857142857142857
felt touch,Control,sub09,attention,attention,10,60,10,18,0,8,42,1,0.5555555555555556,0.7142857142857143,0.2857142857142857
felt touch,Control,sub09,calming,calming,10,60,10,17,0,7,43,1,0.5882352941176471,0.7407407407407407,0.2857142857142857
felt touch,Control,sub09,gratitude,gratitude,5,60,10,5,5,0,50,0.5,1,0.6666666666666666,0.2857142857142857
felt touch,Control,sub09,happiness,happiness,4,60,10,5,6,1,49,0.4,0.8,0.5333333333333333,0.2857142857142857
felt touch,Control,sub09,love,love,9,60,10,9,1,0,50,0.9,1,0.9473684210526316,0.2857142857142857
felt touch,Control,sub09,sadness,sadness,6,60,10,6,4,0,50,0.6,1,0.7499999999999999,0.2857142857142857
felt touch,Control,sub10,attention,attention,10,60,10,22,0,12,38,1,0.45454545454545453,0.625,0.2857142857142857
felt touch,Control,sub10,calming,calming,8,60,10,18,2,10,40,0.8,0.4444444444444444,0.5714285714285714,0.2857142857142857
felt touch,Control,sub10,gratitude,gratitude,0,60,10,0,10,0,50,0,0,0,0.2857142857142857
felt touch,Control,sub10,happiness,happiness,7,60,10,8,3,1,49,0.7,0.875,0.7777777777777777,0.2857142857142857
felt touch,Control,sub10,love,love,10,60,10,12,0,2,48,1,0.8333333333333334,0.9090909090909091,0.2857142857142857
felt touch,Control,sub10,sadness,sadness,0,60,10,0,10,0,50,0,0,0,0.2857142857142857
felt touch,Control,sub11,attention,attention,10,60,10,14,0,4,46,1,0.7142857142857143,0.8333333333333333,0.2857142857142857
felt touch,Control,sub11,calming,calming,6,60,10,12,4,6,44,0.6,0.5,0.5454545454545454,0.2857142857142857
felt touch,Control,sub11,gratitude,gratitude,3,60,10,7,7,4,46,0.3,0.42857142857142855,0.3529411764705882,0.2857142857142857
felt touch,Control,sub11,happiness,happiness,8,60,10,8,2,0,50,0.8,1,0.888888888888889,0.2857142857142857
felt touch,Control,sub11,love,love,7,60,10,9,3,2,48,0.7,0.7777777777777778,0.7368421052631577,0.2857142857142857
felt touch,Control,sub11,sadness,sadness,4,60,10,9,6,5,45,0.4,0.4444444444444444,0.4210526315789474,0.2857142857142857
felt touch,Control,sub12,attention,attention,10,60,10,10,0,0,50,1,1,1,0.2857142857142857
felt touch,Control,sub12,calming,calming,3,60,10,14,7,11,39,0.3,0.21428571428571427,0.25,0.2857142857142857
felt touch,Control,sub12,gratitude,gratitude,6,60,10,7,4,1,49,0.6,0.8571428571428571,0.7058823529411764,0.2857142857142857
felt touch,Control,sub12,happiness,happiness,10,60,10,10,0,0,50,1,1,1,0.2857142857142857
felt touch,Control,sub12,love,love,10,60,10,10,0,0,50,1,1,1,0.2857142857142857
felt touch,Control,sub12,sadness,sadness,3,60,10,9,7,6,44,0.3,0.3333333333333333,0.3157894736842105,0.2857142857142857
felt touch,Control,sub13,attention,attention,10,60,10,11,0,1,49,1,0.9090909090909091,0.9523809523809523,0.2857142857142857
felt touch,Control,sub13,calming,calming,6,60,10,14,4,8,42,0.6,0.42857142857142855,0.5,0.2857142857142857
felt touch,Control,sub13,gratitude,gratitude,1,60,10,5,9,4,46,0.1,0.2,0.13333333333333333,0.2857142857142857
felt touch,Control,sub13,happiness,happiness,4,60,10,6,6,2,48,0.4,0.6666666666666666,0.5,0.2857142857142857
felt touch,Control,sub13,love,love,0,60,10,3,10,3,47,0,0,0,0.2857142857142857
felt touch,Control,sub13,sadness,sadness,1,60,10,2,9,1,49,0.1,0.5,0.16666666666666669,0.2857142857142857
felt touch,Control,sub14,attention,attention,8,60,10,8,2,0,50,0.8,1,0.888888888888889,0.2857142857142857
felt touch,Control,sub14,calming,calming,5,60,10,12,5,7,43,0.5,0.4166666666666667,0.45454545454545453,0.2857142857142857
felt touch,Control,sub14,gratitude,gratitude,0,60,10,5,10,5,45,0,0,0,0.2857142857142857
felt touch,Control,sub14,happiness,happiness,8,60,10,10,2,2,48,0.8,0.8,0.8000000000000002,0.2857142857142857
felt touch,Control,sub14,love,love,4,60,10,10,6,6,44,0.4,0.4,0.4000000000000001,0.2857142857142857
felt touch,Control,sub14,sadness,sadness,3,60,10,9,7,6,44,0.3,0.3333333333333333,0.3157894736842105,0.2857142857142857
felt touch,Control,sub16,attention,attention,10,60,10,11,0,1,49,1,0.9090909090909091,0.9523809523809523,0.2857142857142857
felt touch,Control,sub16,calming,calming,10,60,10,11,0,1,49,1,0.9090909090909091,0.9523809523809523,0.2857142857142857
felt touch,Control,sub16,gratitude,gratitude,6,60,10,10,4,4,46,0.6,0.6,0.6,0.2857142857142857
felt touch,Control,sub16,happiness,happiness,10,60,10,10,0,0,50,1,1,1,0.2857142857142857
felt touch,Control,sub16,love,love,10,60,10,10,0,0,50,1,1,1,0.2857142857142857
felt touch,Control,sub16,sadness,sadness,5,60,10,5,5,0,50,0.5,1,0.6666666666666666,0.2857142857142857
felt touch,Control,sub17,attention,attention,10,60,10,10,0,0,50,1,1,1,0.2857142857142857
felt touch,Control,sub17,calming,calming,9,60,10,19,1,10,40,0.9,0.47368421052631576,0.6206896551724138,0.2857142857142857
felt touch,Control,sub17,gratitude,gratitude,0,60,10,1,10,1,49,0,0,0,0.2857142857142857
felt touch,Control,sub17,happiness,happiness,10,60,10,10,0,0,50,1,1,1,0.2857142857142857
felt touch,Control,sub17,love,love,9,60,10,9,1,0,50,0.9,1,0.9473684210526316,0.2857142857142857
felt touch,Control,sub17,sadness,sadness,0,60,10,0,10,0,50,0,0,0,0.2857142857142857
felt touch,Control,sub18,attention,attention,10,60,10,21,0,11,39,1,0.47619047619047616,0.6451612903225806,0.2857142857142857
felt touch,Control,sub18,calming,calming,9,60,10,22,1,13,37,0.9,0.4090909090909091,0.5625000000000001,0.2857142857142857
felt touch,Control,sub18,gratitude,gratitude,0,60,10,0,10,0,50,0,0,0,0.2857142857142857
felt touch,Control,sub18,happiness,happiness,2,60,10,3,8,1,49,0.2,0.6666666666666666,0.30769230769230765,0.2857142857142857
felt touch,Control,sub18,love,love,6,60,10,6,4,0,50,0.6,1,0.7499999999999999,0.2857142857142857
felt touch,Control,sub18,sadness,sadness,0,60,10,1,10,1,49,0,0,0,0.2857142857142857
felt touch,Control,sub19,attention,attention,8,60,10,12,2,4,46,0.8,0.6666666666666666,0.7272727272727272,0.2857142857142857
felt touch,Control,sub19,calming,calming,5,60,10,9,5,4,46,0.5,0.5555555555555556,0.5263157894736842,0.2857142857142857
felt touch,Control,sub19,gratitude,gratitude,4,60,10,5,6,1,49,0.4,0.8,0.5333333333333333,0.2857142857142857
felt touch,Control,sub19,happiness,happiness,5,60,10,5,5,0,50,0.5,1,0.6666666666666666,0.2857142857142857
felt touch,Control,sub19,love,love,6,60,10,11,4,5,45,0.6,0.5454545454545454,0.5714285714285713,0.2857142857142857
felt touch,Control,sub19,sadness,sadness,2,60,10,4,8,2,48,0.2,0.5,0.28571428571428575,0.2857142857142857
felt touch,Control,sub20,attention,attention,10,60,10,13,0,3,47,1,0.7692307692307693,0.8695652173913044,0.2857142857142857
felt touch,Control,sub20,calming,calming,10,60,10,12,0,2,48,1,0.8333333333333334,0.9090909090909091,0.2857142857142857
felt touch,Control,sub20,gratitude,gratitude,0,60,10,0,10,0,50,0,0,0,0.2857142857142857
felt touch,Control,sub20,happiness,happiness,10,60,10,10,0,0,50,1,1,1,0.2857142857142857
felt touch,Control,sub20,love,love,10,60,10,10,0,0,50,1,1,1,0.2857142857142857
felt touch,Control,sub20,sadness,sadness,8,60,10,10,2,2,48,0.8,0.8,0.8000000000000002,0.2857142857142857
felt touch,Control,sub21,attention,attention,10,60,10,27,0,17,33,1,0.37037037037037035,0.5405405405405406,0.2857142857142857
felt touch,Control,sub21,calming,calming,2,60,10,20,8,18,32,0.2,0.1,0.13333333333333333,0.2857142857142857
felt touch,Control,sub21,gratitude,gratitude,1,60,10,2,9,1,49,0.1,0.5,0.16666666666666669,0.2857142857142857
felt touch,Control,sub21,happiness,happiness,2,60,10,2,8,0,50,0.2,1,0.33333333333333337,0.2857142857142857
felt touch,Control,sub21,love,love,1,60,10,9,9,8,42,0.1,0.1111111111111111,0.10526315789473685,0.2857142857142857
felt touch,Control,sub21,sadness,sadness,0,60,10,0,10,0,50,0,0,0,0.2857142857142857
felt touch,Control,sub22,attention,attention,10,60,10,16,0,6,44,1,0.625,0.7692307692307693,0.2857142857142857
felt touch,Control,sub22,calming,calming,7,60,10,12,3,5,45,0.7,0.5833333333333334,0.6363636363636365,0.2857142857142857
felt touch,Control,sub22,gratitude,gratitude,0,60,10,2,10,2,48,0,0,0,0.2857142857142857
felt touch,Control,sub22,happiness,happiness,6,60,10,6,4,0,50,0.6,1,0.7499999999999999,0.2857142857142857
felt touch,Control,sub22,love,love,2,60,10,6,8,4,46,0.2,0.3333333333333333,0.25,0.2857142857142857
felt touch,Control,sub22,sadness,sadness,4,60,10,4,6,0,50,0.4,1,0.5714285714285715,0.2857142857142857
felt touch,Control,sub23,attention,attention,10,60,10,11,0,1,49,1,0.9090909090909091,0.9523809523809523,0.2857142857142857
felt touch,Control,sub23,calming,calming,1,60,10,10,9,9,41,0.1,0.1,0.10000000000000002,0.2857142857142857
felt touch,Control,sub23,gratitude,gratitude,9,60,10,9,1,0,50,0.9,1,0.9473684210526316,0.2857142857142857
felt touch,Control,sub23,happiness,happiness,10,60,10,10,0,0,50,1,1,1,0.2857142857142857
felt touch,Control,sub23,love,love,10,60,10,10,0,0,50,1,1,1,0.2857142857142857
felt touch,Control,sub23,sadness,sadness,1,60,10,9,9,8,42,0.1,0.1111111111111111,0.10526315789473685,0.2857142857142857
felt touch,Control,sub24,attention,attention,10,60,10,12,0,2,48,1,0.8333333333333334,0.9090909090909091,0.2857142857142857
felt touch,Control,sub24,calming,calming,10,60,10,11,0,1,49,1,0.9090909090909091,0.9523809523809523,0.2857142857142857
felt touch,Control,sub24,gratitude,gratitude,8,60,10,8,2,0,50,0.8,1,0.888888888888889,0.2857142857142857
felt touch,Control,sub24,happiness,happiness,10,60,10,10,0,0,50,1,1,1,0.2857142857142857
felt touch,Control,sub24,love,love,10,60,10,10,0,0,50,1,1,1,0.2857142857142857
felt touch,Control,sub24,sadness,sadness,9,60,10,9,1,0,50,0.9,1,0.9473684210526316,0.2857142857142857
felt touch,Control,sub25,attention,attention,10,60,10,20,0,10,40,1,0.5,0.6666666666666666,0.2857142857142857
felt touch,Control,sub25,calming,calming,10,60,10,11,0,1,49,1,0.9090909090909091,0.9523809523809523,0.2857142857142857
felt touch,Control,sub25,gratitude,gratitude,0,60,10,9,10,9,41,0,0,0,0.2857142857142857
felt touch,Control,sub25,happiness,happiness,10,60,10,10,0,0,50,1,1,1,0.2857142857142857
felt touch,Control,sub25,love,love,10,60,10,10,0,0,50,1,1,1,0.2857142857142857
felt touch,Control,sub25,sadness,sadness,0,60,10,0,10,0,50,0,0,0,0.2857142857142857
felt touch,Control,sub26,attention,attention,10,60,10,20,0,10,40,1,0.5,0.6666666666666666,0.2857142857142857
felt touch,Control,sub26,calming,calming,10,60,10,11,0,1,49,1,0.9090909090909091,0.9523809523809523,0.2857142857142857
felt touch,Control,sub26,gratitude,gratitude,0,60,10,0,10,0,50,0,0,0,0.2857142857142857
felt touch,Control,sub26,happiness,happiness,10,60,10,10,0,0,50,1,1,1,0.2857142857142857
felt touch,Control,sub26,love,love,10,60,10,10,0,0,50,1,1,1,0.2857142857142857
felt touch,Control,sub26,sadness,sadness,9,60,10,9,1,0,50,0.9,1,0.9473684210526316,0.2857142857142857
felt touch,Control,sub27,attention,attention,10,60,10,10,0,0,50,1,1,1,0.2857142857142857
felt touch,Control,sub27,calming,calming,9,60,10,13,1,4,46,0.9,0.6923076923076923,0.7826086956521738,0.2857142857142857
felt touch,Control,sub27,gratitude,gratitude,0,60,10,0,10,0,50,0,0,0,0.2857142857142857
felt touch,Control,sub27,happiness,happiness,9,60,10,9,1,0,50,0.9,1,0.9473684210526316,0.2857142857142857
felt touch,Control,sub27,love,love,10,60,10,10,0,0,50,1,1,1,0.2857142857142857
felt touch,Control,sub27,sadness,sadness,7,60,10,8,3,1,49,0.7,0.875,0.7777777777777777,0.2857142857142857
felt touch,Control,sub28,attention,attention,10,60,10,10,0,0,50,1,1,1,0.2857142857142857
felt touch,Control,sub28,calming,calming,9,60,10,10,1,1,49,0.9,0.9,0.9,0.2857142857142857
felt touch,Control,sub28,gratitude,gratitude,10,60,10,11,0,1,49,1,0.9090909090909091,0.9523809523809523,0.2857142857142857
felt touch,Control,sub28,happiness,happiness,9,60,10,9,1,0,50,0.9,1,0.9473684210526316,0.2857142857142857
felt touch,Control,sub28,love,love,10,60,10,11,0,1,49,1,0.9090909090909091,0.9523809523809523,0.2857142857142857
felt touch,Control,sub28,sadness,sadness,8,60,10,9,2,1,49,0.8,0.8888888888888888,0.8421052631578948,0.2857142857142857
felt touch,Control,sub29,attention,attention,10,60,10,16,0,6,44,1,0.625,0.7692307692307693,0.2857142857142857
felt touch,Control,sub29,calming,calming,6,60,10,10,4,4,46,0.6,0.6,0.6,0.2857142857142857
felt touch,Control,sub29,gratitude,gratitude,5,60,10,9,5,4,46,0.5,0.5555555555555556,0.5263157894736842,0.2857142857142857
felt touch,Control,sub29,happiness,happiness,6,60,10,7,4,1,49,0.6,0.8571428571428571,0.7058823529411764,0.2857142857142857
felt touch,Control,sub29,love,love,7,60,10,10,3,3,47,0.7,0.7,0.7,0.2857142857142857
felt touch,Control,sub29,sadness,sadness,5,60,10,6,5,1,49,0.5,0.8333333333333334,0.625,0.2857142857142857
felt touch,Control,sub30,attention,attention,9,60,10,19,1,10,40,0.9,0.47368421052631576,0.6206896551724138,0.2857142857142857
felt touch,Control,sub30,calming,calming,7,60,10,10,3,3,47,0.7,0.7,0.7,0.2857142857142857
felt touch,Control,sub30,gratitude,gratitude,0,60,10,5,10,5,45,0,0,0,0.2857142857142857
felt touch,Control,sub30,happiness,happiness,10,60,10,11,0,1,49,1,0.9090909090909091,0.9523809523809523,0.2857142857142857
felt touch,Control,sub30,love,love,8,60,10,11,2,3,47,0.8,0.7272727272727273,0.761904761904762,0.2857142857142857
felt touch,Control,sub30,sadness,sadness,2,60,10,2,8,0,50,0.2,1,0.33333333333333337,0.2857142857142857
felt touch,Control,sub31,attention,attention,10,60,10,21,0,11,39,1,0.47619047619047616,0.6451612903225806,0.2857142857142857
felt touch,Control,sub31,calming,calming,8,60,10,21,2,13,37,0.8,0.38095238095238093,0.5161290322580645,0.2857142857142857
felt touch,Control,sub31,gratitude,gratitude,0,60,10,0,10,0,50,0,0,0,0.2857142857142857
felt touch,Control,sub31,happiness,happiness,1,60,10,1,9,0,50,0.1,1,0.18181818181818182,0.2857142857142857
felt touch,Control,sub31,love,love,9,60,10,16,1,7,43,0.9,0.5625,0.6923076923076923,0.2857142857142857
felt touch,Control,sub31,sadness,sadness,0,60,10,0,10,0,50,0,0,0,0.2857142857142857
felt touch,Control,sub32,attention,attention,10,60,10,10,0,0,50,1,1,1,0.2857142857142857
felt touch,Control,sub32,calming,calming,10,60,10,10,0,0,50,1,1,1,0.2857142857142857
felt touch,Control,sub32,gratitude,gratitude,10,60,10,10,0,0,50,1,1,1,0.2857142857142857
felt touch,Control,sub32,happiness,happiness,10,60,10,10,0,0,50,1,1,1,0.2857142857142857
felt touch,Control,sub32,love,love,10,60,10,10,0,0,50,1,1,1,0.2857142857142857
felt touch,Control,sub32,sadness,sadness,10,60,10,10,0,0,50,1,1,1,0.2857142857142857
felt touch,Control,sub33,attention,attention,10,60,10,12,0,2,48,1,0.8333333333333334,0.9090909090909091,0.2857142857142857
felt touch,Control,sub33,calming,calming,2,60,10,12,8,10,40,0.2,0.16666666666666666,0.1818181818181818,0.2857142857142857
felt touch,Control,sub33,gratitude,gratitude,9,60,10,9,1,0,50,0.9,1,0.9473684210526316,0.2857142857142857
felt touch,Control,sub33,happiness,happiness,10,60,10,10,0,0,50,1,1,1,0.2857142857142857
felt touch,Control,sub33,love,love,9,60,10,15,1,6,44,0.9,0.6,0.7200000000000001,0.2857142857142857
felt touch,Control,sub33,sadness,sadness,0,60,10,2,10,2,48,0,0,0,0.2857142857142857
felt touch,Control,sub34,attention,attention,10,60,10,11,0,1,49,1,0.9090909090909091,0.9523809523809523,0.2857142857142857
felt touch,Control,sub34,calming,calming,9,60,10,11,1,2,48,0.9,0.8181818181818182,0.8571428571428572,0.2857142857142857
felt touch,Control,sub34,gratitude,gratitude,8,60,10,9,2,1,49,0.8,0.8888888888888888,0.8421052631578948,0.2857142857142857
felt touch,Control,sub34,happiness,happiness,10,60,10,10,0,0,50,1,1,1,0.2857142857142857
felt touch,Control,sub34,love,love,10,60,10,11,0,1,49,1,0.9090909090909091,0.9523809523809523,0.2857142857142857
felt touch,Control,sub34,sadness,sadness,8,60,10,8,2,0,50,0.8,1,0.888888888888889,0.2857142857142857
felt touch,Control,sub35,attention,attention,9,60,10,13,1,4,46,0.9,0.6923076923076923,0.7826086956521738,0.2857142857142857
felt touch,Control,sub35,calming,calming,7,60,10,14,3,7,43,0.7,0.5,0.5833333333333334,0.2857142857142857
felt touch,Control,sub35,gratitude,gratitude,0,60,10,3,10,3,47,0,0,0,0.2857142857142857
felt touch,Control,sub35,happiness,happiness,7,60,10,10,3,3,47,0.7,0.7,0.7,0.2857142857142857
felt touch,Control,sub35,love,love,4,60,10,9,6,5,45,0.4,0.4444444444444444,0.4210526315789474,0.2857142857142857
felt touch,Control,sub35,sadness,sadness,4,60,10,5,6,1,49,0.4,0.8,0.5333333333333333,0.2857142857142857
viewed touch,ASD,R_0ulITAMrFU92pEt,attention,attention,1,6,1,2,0,1,4,1,0.5,0.6666666666666666,0.2857142857142857
viewed touch,ASD,R_0ulITAMrFU92pEt,calming,calming,1,6,1,1,0,0,5,1,1,1,0.2857142857142857
viewed touch,ASD,R_0ulITAMrFU92pEt,gratitude,gratitude,0,6,1,0,1,0,5,0,0,0,0.2857142857142857
viewed touch,ASD,R_0ulITAMrFU92pEt,happiness,happiness,0,6,1,0,1,0,5,0,0,0,0.2857142857142857
viewed touch,ASD,R_0ulITAMrFU92pEt,love,love,1,6,1,1,0,0,5,1,1,1,0.2857142857142857
viewed touch,ASD,R_0ulITAMrFU92pEt,sadness,sadness,0,6,1,1,1,1,4,0,0,0,0.2857142857142857
viewed touch,ASD,R_12bWn129WCtDnR4,attention,attention,1,6,1,2,0,1,4,1,0.5,0.6666666666666666,0.2857142857142857
viewed touch,ASD,R_12bWn129WCtDnR4,calming,calming,1,6,1,2,0,1,4,1,0.5,0.6666666666666666,0.2857142857142857
viewed touch,ASD,R_12bWn129WCtDnR4,gratitude,gratitude,0,6,1,0,1,0,5,0,0,0,0.2857142857142857
viewed touch,ASD,R_12bWn129WCtDnR4,happiness,happiness,0,6,1,0,1,0,5,0,0,0,0.2857142857142857
viewed touch,ASD,R_12bWn129WCtDnR4,love,love,0,6,1,0,1,0,5,0,0,0,0.2857142857142857
viewed touch,ASD,R_12bWn129WCtDnR4,sadness,sadness,0,6,1,0,1,0,5,0,0,0,0.2857142857142857
viewed touch,ASD,R_1QGYqTgeSBrD04k,attention,attention,1,6,1,1,0,0,5,1,1,1,0.2857142857142857
viewed touch,ASD,R_1QGYqTgeSBrD04k,calming,calming,0,6,1,1,1,1,4,0,0,0,0.2857142857142857
viewed touch,ASD,R_1QGYqTgeSBrD04k,gratitude,gratitude,0,6,1,2,1,2,3,0,0,0,0.2857142857142857
viewed touch,ASD,R_1QGYqTgeSBrD04k,happiness,happiness,1,6,1,1,0,0,5,1,1,1,0.2857142857142857
viewed touch,ASD,R_1QGYqTgeSBrD04k,love,love,1,6,1,1,0,0,5,1,1,1,0.2857142857142857
viewed touch,ASD,R_1QGYqTgeSBrD04k,sadness,sadness,0,6,1,0,1,0,5,0,0,0,0.2857142857142857
viewed touch,ASD,R_1r7lOuYz13e9Hr9,attention,attention,1,6,1,2,0,1,4,1,0.5,0.6666666666666666,0.2857142857142857
viewed touch,ASD,R_1r7lOuYz13e9Hr9,calming,calming,1,6,1,1,0,0,5,1,1,1,0.2857142857142857
viewed touch,ASD,R_1r7lOuYz13e9Hr9,gratitude,gratitude,0,6,1,1,1,1,4,0,0,0,0.2857142857142857
viewed touch,ASD,R_1r7lOuYz13e9Hr9,happiness,happiness,1,6,1,1,0,0,5,1,1,1,0.2857142857142857
viewed touch,ASD,R_1r7lOuYz13e9Hr9,love,love,1,6,1,1,0,0,5,1,1,1,0.2857142857142857
viewed touch,ASD,R_1r7lOuYz13e9Hr9,sadness,sadness,0,6,1,0,1,0,5,0,0,0,0.2857142857142857
viewed touch,ASD,R_21uIb37lY5Fwtfc,attention,attention,1,6,1,2,0,1,4,1,0.5,0.6666666666666666,0.2857142857142857
viewed touch,ASD,R_21uIb37lY5Fwtfc,calming,calming,1,6,1,3,0,2,3,1,0.3333333333333333,0.5,0.2857142857142857
viewed touch,ASD,R_21uIb37lY5Fwtfc,gratitude,gratitude,0,6,1,0,1,0,5,0,0,0,0.2857142857142857
viewed touch,ASD,R_21uIb37lY5Fwtfc,happiness,happiness,0,6,1,0,1,0,5,0,0,0,0.2857142857142857
viewed touch,ASD,R_21uIb37lY5Fwtfc,love,love,1,6,1,1,0,0,5,1,1,1,0.2857142857142857
viewed touch,ASD,R_21uIb37lY5Fwtfc,sadness,sadness,0,6,1,0,1,0,5,0,0,0,0.2857142857142857
viewed touch,ASD,R_22x0EVAx1CCS8se,attention,attention,1,6,1,2,0,1,4,1,0.5,0.6666666666666666,0.2857142857142857
viewed touch,ASD,R_22x0EVAx1CCS8se,calming,calming,1,6,1,2,0,1,4,1,0.5,0.6666666666666666,0.2857142857142857
viewed touch,ASD,R_22x0EVAx1CCS8se,gratitude,gratitude,0,6,1,0,1,0,5,0,0,0,0.2857142857142857
viewed touch,ASD,R_22x0EVAx1CCS8se,happiness,happiness,1,6,1,1,0,0,5,1,1,1,0.2857142857142857
viewed touch,ASD,R_22x0EVAx1CCS8se,love,love,1,6,1,1,0,0,5,1,1,1,0.2857142857142857
viewed touch,ASD,R_22x0EVAx1CCS8se,sadness,sadness,0,6,1,0,1,0,5,0,0,0,0.2857142857142857
viewed touch,ASD,R_22y8SVVqPPS1FQG,attention,attention,1,6,1,1,0,0,5,1,1,1,0.2857142857142857
viewed touch,ASD,R_22y8SVVqPPS1FQG,calming,calming,1,6,1,1,0,0,5,1,1,1,0.2857142857142857
viewed touch,ASD,R_22y8SVVqPPS1FQG,gratitude,gratitude,1,6,1,2,0,1,4,1,0.5,0.6666666666666666,0.2857142857142857
viewed touch,ASD,R_22y8SVVqPPS1FQG,happiness,happiness,1,6,1,1,0,0,5,1,1,1,0.2857142857142857
viewed touch,ASD,R_22y8SVVqPPS1FQG,love,love,1,6,1,1,0,0,5,1,1,1,0.2857142857142857
viewed touch,ASD,R_22y8SVVqPPS1FQG,sadness,sadness,0,6,1,0,1,0,5,0,0,0,0.2857142857142857
viewed touch,ASD,R_2CEcEfV1HUsheRJ,attention,attention,1,6,1,1,0,0,5,1,1,1,0.2857142857142857
viewed touch,ASD,R_2CEcEfV1HUsheRJ,calming,calming,1,6,1,2,0,1,4,1,0.5,0.6666666666666666,0.2857142857142857
viewed touch,ASD,R_2CEcEfV1HUsheRJ,gratitude,gratitude,0,6,1,0,1,0,5,0,0,0,0.2857142857142857
viewed touch,ASD,R_2CEcEfV1HUsheRJ,happiness,happiness,1,6,1,1,0,0,5,1,1,1,0.2857142857142857
viewed touch,ASD,R_2CEcEfV1HUsheRJ,love,love,1,6,1,1,0,0,5,1,1,1,0.2857142857142857
viewed touch,ASD,R_2CEcEfV1HUsheRJ,sadness,sadness,0,6,1,1,1,1,4,0,0,0,0.2857142857142857
viewed touch,ASD,R_2CrFpwUVkj0e8I1,attention,attention,0,6,1,2,1,2,3,0,0,0,0.2857142857142857
viewed touch,ASD,R_2CrFpwUVkj0e8I1,calming,calming,1,6,1,1,0,0,5,1,1,1,0.2857142857142857
viewed touch,ASD,R_2CrFpwUVkj0e8I1,gratitude,gratitude,0,6,1,0,1,0,5,0,0,0,0.2857142857142857
viewed touch,ASD,R_2CrFpwUVkj0e8I1,happiness,happiness,0,6,1,0,1,0,5,0,0,0,0.2857142857142857
viewed touch,ASD,R_2CrFpwUVkj0e8I1,love,love,0,6,1,0,1,0,5,0,0,0,0.2857142857142857
viewed touch,ASD,R_2CrFpwUVkj0e8I1,sadness,sadness,0,6,1,0,1,0,5,0,0,0,0.2857142857142857
viewed touch,ASD,R_2q44JuXjBZJvVtI,attention,attention,1,6,1,1,0,0,5,1,1,1,0.2857142857142857
viewed touch,ASD,R_2q44JuXjBZJvVtI,calming,calming,1,6,1,2,0,1,4,1,0.5,0.6666666666666666,0.2857142857142857
viewed touch,ASD,R_2q44JuXjBZJvVtI,gratitude,gratitude,0,6,1,0,1,0,5,0,0,0,0.2857142857142857
viewed touch,ASD,R_2q44JuXjBZJvVtI,happiness,happiness,1,6,1,1,0,0,5,1,1,1,0.2857142857142857
viewed touch,ASD,R_2q44JuXjBZJvVtI,love,love,1,6,1,1,0,0,5,1,1,1,0.2857142857142857
viewed touch,ASD,R_2q44JuXjBZJvVtI,sadness,sadness,0,6,1,0,1,0,5,0,0,0,0.2857142857142857
viewed touch,ASD,R_2QQicbswK20VFgy,attention,attention,1,6,1,2,0,1,4,1,0.5,0.6666666666666666,0.2857142857142857
viewed touch,ASD,R_2QQicbswK20VFgy,calming,calming,1,6,1,2,0,1,4,1,0.5,0.6666666666666666,0.2857142857142857
viewed touch,ASD,R_2QQicbswK20VFgy,gratitude,gratitude,0,6,1,0,1,0,5,0,0,0,0.2857142857142857
viewed touch,ASD,R_2QQicbswK20VFgy,happiness,happiness,1,6,1,1,0,0,5,1,1,1,0.2857142857142857
viewed touch,ASD,R_2QQicbswK20VFgy,love,love,1,6,1,1,0,0,5,1,1,1,0.2857142857142857
viewed touch,ASD,R_2QQicbswK20VFgy,sadness,sadness,0,6,1,0,1,0,5,0,0,0,0.2857142857142857
viewed touch,ASD,R_2sSxvyyxlKyW2sM,attention,attention,1,6,1,1,0,0,5,1,1,1,0.2857142857142857
viewed touch,ASD,R_2sSxvyyxlKyW2sM,calming,calming,1,6,1,1,0,0,5,1,1,1,0.2857142857142857
viewed touch,ASD,R_2sSxvyyxlKyW2sM,gratitude,gratitude,0,6,1,0,1,0,5,0,0,0,0.2857142857142857
viewed touch,ASD,R_2sSxvyyxlKyW2sM,happiness,happiness,1,6,1,1,0,0,5,1,1,1,0.2857142857142857
viewed touch,ASD,R_2sSxvyyxlKyW2sM,love,love,1,6,1,1,0,0,5,1,1,1,0.2857142857142857
viewed touch,ASD,R_2sSxvyyxlKyW2sM,sadness,sadness,0,6,1,0,1,0,5,0,0,0,0.2857142857142857
viewed touch,ASD,R_2VEWR99Yc4DLKja,attention,attention,1,6,1,4,0,3,2,1,0.25,0.4,0.2857142857142857
viewed touch,ASD,R_2VEWR99Yc4DLKja,calming,calming,1,6,1,1,0,0,5,1,1,1,0.2857142857142857
viewed touch,ASD,R_2VEWR99Yc4DLKja,gratitude,gratitude,0,6,1,0,1,0,5,0,0,0,0.2857142857142857
viewed touch,ASD,R_2VEWR99Yc4DLKja,happiness,happiness,0,6,1,0,1,0,5,0,0,0,0.2857142857142857
viewed touch,ASD,R_2VEWR99Yc4DLKja,love,love,1,6,1,1,0,0,5,1,1,1,0.2857142857142857
viewed touch,ASD,R_2VEWR99Yc4DLKja,sadness,sadness,0,6,1,0,1,0,5,0,0,0,0.2857142857142857
viewed touch,ASD,R_32WaPJUmL0nFSLK,attention,attention,1,6,1,2,0,1,4,1,0.5,0.6666666666666666,0.2857142857142857
viewed touch,ASD,R_32WaPJUmL0nFSLK,calming,calming,1,6,1,2,0,1,4,1,0.5,0.6666666666666666,0.2857142857142857
viewed touch,ASD,R_32WaPJUmL0nFSLK,gratitude,gratitude,0,6,1,0,1,0,5,0,0,0,0.2857142857142857
viewed touch,ASD,R_32WaPJUmL0nFSLK,happiness,happiness,1,6,1,1,0,0,5,1,1,1,0.2857142857142857
viewed touch,ASD,R_32WaPJUmL0nFSLK,love,love,1,6,1,1,0,0,5,1,1,1,0.2857142857142857
viewed touch,ASD,R_32WaPJUmL0nFSLK,sadness,sadness,0,6,1,0,1,0,5,0,0,0,0.2857142857142857
viewed touch,ASD,R_3pn9XlqLdBUnj0k,attention,attention,1,6,1,2,0,1,4,1,0.5,0.6666666666666666,0.2857142857142857
viewed touch,ASD,R_3pn9XlqLdBUnj0k,calming,calming,1,6,1,1,0,0,5,1,1,1,0.2857142857142857
viewed touch,ASD,R_3pn9XlqLdBUnj0k,gratitude,gratitude,0,6,1,1,1,1,4,0,0,0,0.2857142857142857
viewed touch,ASD,R_3pn9XlqLdBUnj0k,happiness,happiness,0,6,1,0,1,0,5,0,0,0,0.2857142857142857
viewed touch,ASD,R_3pn9XlqLdBUnj0k,love,love,1,6,1,1,0,0,5,1,1,1,0.2857142857142857
viewed touch,ASD,R_3pn9XlqLdBUnj0k,sadness,sadness,0,6,1,1,1,1,4,0,0,0,0.2857142857142857
viewed touch,ASD,R_7977Ih6yT3QaETL,attention,attention,1,6,1,1,0,0,5,1,1,1,0.2857142857142857
viewed touch,ASD,R_7977Ih6yT3QaETL,calming,calming,1,6,1,3,0,2,3,1,0.3333333333333333,0.5,0.2857142857142857
viewed touch,ASD,R_7977Ih6yT3QaETL,gratitude,gratitude,0,6,1,0,1,0,5,0,0,0,0.2857142857142857
viewed touch,ASD,R_7977Ih6yT3QaETL,happiness,happiness,1,6,1,1,0,0,5,1,1,1,0.2857142857142857
viewed touch,ASD,R_7977Ih6yT3QaETL,love,love,1,6,1,1,0,0,5,1,1,1,0.2857142857142857
viewed touch,ASD,R_7977Ih6yT3QaETL,sadness,sadness,0,6,1,0,1,0,5,0,0,0,0.2857142857142857
viewed touch,ASD,R_vSH3NwzmJivuid3,attention,attention,1,6,1,1,0,0,5,1,1,1,0.2857142857142857
viewed touch,ASD,R_vSH3NwzmJivuid3,calming,calming,1,6,1,2,0,1,4,1,0.5,0.6666666666666666,0.2857142857142857
viewed touch,ASD,R_vSH3NwzmJivuid3,gratitude,gratitude,0,6,1,0,1,0,5,0,0,0,0.2857142857142857
viewed touch,ASD,R_vSH3NwzmJivuid3,happiness,happiness,1,6,1,1,0,0,5,1,1,1,0.2857142857142857
viewed touch,ASD,R_vSH3NwzmJivuid3,love,love,1,6,1,1,0,0,5,1,1,1,0.2857142857142857
viewed touch,ASD,R_vSH3NwzmJivuid3,sadness,sadness,0,6,1,0,1,0,5,0,0,0,0.2857142857142857
viewed touch,ASD,R_xbFC6lIVwANHazn,attention,attention,1,6,1,1,0,0,5,1,1,1,0.2857142857142857
viewed touch,ASD,R_xbFC6lIVwANHazn,calming,calming,1,6,1,3,0,2,3,1,0.3333333333333333,0.5,0.2857142857142857
viewed touch,ASD,R_xbFC6lIVwANHazn,gratitude,gratitude,0,6,1,1,1,1,4,0,0,0,0.2857142857142857
viewed touch,ASD,R_xbFC6lIVwANHazn,happiness,happiness,0,6,1,0,1,0,5,0,0,0,0.2857142857142857
viewed touch,ASD,R_xbFC6lIVwANHazn,love,love,0,6,1,0,1,0,5,0,0,0,0.2857142857142857
viewed touch,ASD,R_xbFC6lIVwANHazn,sadness,sadness,0,6,1,0,1,0,5,0,0,0,0.2857142857142857
viewed touch,ASD,R_xbUqjuuyLVtTlL3,attention,attention,1,6,1,2,0,1,4,1,0.5,0.6666666666666666,0.2857142857142857
viewed touch,ASD,R_xbUqjuuyLVtTlL3,calming,calming,1,6,1,2,0,1,4,1,0.5,0.6666666666666666,0.2857142857142857
viewed touch,ASD,R_xbUqjuuyLVtTlL3,gratitude,gratitude,0,6,1,0,1,0,5,0,0,0,0.2857142857142857
viewed touch,ASD,R_xbUqjuuyLVtTlL3,happiness,happiness,0,6,1,0,1,0,5,0,0,0,0.2857142857142857
viewed touch,ASD,R_xbUqjuuyLVtTlL3,love,love,1,6,1,1,0,0,5,1,1,1,0.2857142857142857
viewed touch,ASD,R_xbUqjuuyLVtTlL3,sadness,sadness,0,6,1,0,1,0,5,0,0,0,0.2857142857142857
viewed touch,Control,R_0wD8SReVLQ58BJD,attention,attention,1,6,1,1,0,0,5,1,1,1,0.2857142857142857
viewed touch,Control,R_0wD8SReVLQ58BJD,calming,calming,1,6,1,1,0,0,5,1,1,1,0.2857142857142857
viewed touch,Control,R_0wD8SReVLQ58BJD,gratitude,gratitude,0,6,1,1,1,1,4,0,0,0,0.2857142857142857
viewed touch,Control,R_0wD8SReVLQ58BJD,happiness,happiness,0,6,1,0,1,0,5,0,0,0,0.2857142857142857
viewed touch,Control,R_0wD8SReVLQ58BJD,love,love,1,6,1,1,0,0,5,1,1,1,0.2857142857142857
viewed touch,Control,R_0wD8SReVLQ58BJD,sadness,sadness,0,6,1,1,1,1,4,0,0,0,0.2857142857142857
viewed touch,Control,R_12fISp10CMwgFwt,attention,attention,1,6,1,3,0,2,3,1,0.3333333333333333,0.5,0.2857142857142857
viewed touch,Control,R_12fISp10CMwgFwt,calming,calming,1,6,1,2,0,1,4,1,0.5,0.6666666666666666,0.2857142857142857
viewed touch,Control,R_12fISp10CMwgFwt,gratitude,gratitude,0,6,1,0,1,0,5,0,0,0,0.2857142857142857
viewed touch,Control,R_12fISp10CMwgFwt,happiness,happiness,0,6,1,0,1,0,5,0,0,0,0.2857142857142857
viewed touch,Control,R_12fISp10CMwgFwt,love,love,1,6,1,1,0,0,5,1,1,1,0.2857142857142857
viewed touch,Control,R_12fISp10CMwgFwt,sadness,sadness,0,6,1,0,1,0,5,0,0,0,0.2857142857142857
viewed touch,Control,R_12PZ3fRvApBemXj,attention,attention,1,6,1,1,0,0,5,1,1,1,0.2857142857142857
viewed touch,Control,R_12PZ3fRvApBemXj,calming,calming,0,6,1,1,1,1,4,0,0,0,0.2857142857142857
viewed touch,Control,R_12PZ3fRvApBemXj,gratitude,gratitude,0,6,1,1,1,1,4,0,0,0,0.2857142857142857
viewed touch,Control,R_12PZ3fRvApBemXj,happiness,happiness,1,6,1,1,0,0,5,1,1,1,0.2857142857142857
viewed touch,Control,R_12PZ3fRvApBemXj,love,love,1,6,1,1,0,0,5,1,1,1,0.2857142857142857
viewed touch,Control,R_12PZ3fRvApBemXj,sadness,sadness,0,6,1,0,1,0,5,0,0,0,0.2857142857142857
viewed touch,Control,R_1dnnrVtroIJgPkG,attention,attention,1,6,1,2,0,1,4,1,0.5,0.6666666666666666,0.2857142857142857
viewed touch,Control,R_1dnnrVtroIJgPkG,calming,calming,1,6,1,2,0,1,4,1,0.5,0.6666666666666666,0.2857142857142857
viewed touch,Control,R_1dnnrVtroIJgPkG,gratitude,gratitude,0,6,1,0,1,0,5,0,0,0,0.2857142857142857
viewed touch,Control,R_1dnnrVtroIJgPkG,happiness,happiness,1,6,1,1,0,0,5,1,1,1,0.2857142857142857
viewed touch,Control,R_1dnnrVtroIJgPkG,love,love,1,6,1,1,0,0,5,1,1,1,0.2857142857142857
viewed touch,Control,R_1dnnrVtroIJgPkG,sadness,sadness,0,6,1,0,1,0,5,0,0,0,0.2857142857142857
viewed touch,Control,R_1DqIkv4J3Z1L3K1,attention,attention,1,6,1,2,0,1,4,1,0.5,0.6666666666666666,0.2857142857142857
viewed touch,Control,R_1DqIkv4J3Z1L3K1,calming,calming,1,6,1,3,0,2,3,1,0.3333333333333333,0.5,0.2857142857142857
viewed touch,Control,R_1DqIkv4J3Z1L3K1,gratitude,gratitude,0,6,1,0,1,0,5,0,0,0,0.2857142857142857
viewed touch,Control,R_1DqIkv4J3Z1L3K1,happiness,happiness,0,6,1,0,1,0,5,0,0,0,0.2857142857142857
viewed touch,Control,R_1DqIkv4J3Z1L3K1,love,love,0,6,1,1,1,1,4,0,0,0,0.2857142857142857
viewed touch,Control,R_1DqIkv4J3Z1L3K1,sadness,sadness,0,6,1,0,1,0,5,0,0,0,0.2857142857142857
viewed touch,Control,R_1E1hgLCsWPNdlG8,attention,attention,1,6,1,1,0,0,5,1,1,1,0.2857142857142857
viewed touch,Control,R_1E1hgLCsWPNdlG8,calming,calming,1,6,1,1,0,0,5,1,1,1,0.2857142857142857
viewed touch,Control,R_1E1hgLCsWPNdlG8,gratitude,gratitude,0,6,1,0,1,0,5,0,0,0,0.2857142857142857
viewed touch,Control,R_1E1hgLCsWPNdlG8,happiness,happiness,0,6,1,0,1,0,5,0,0,0,0.2857142857142857
viewed touch,Control,R_1E1hgLCsWPNdlG8,love,love,1,6,1,1,0,0,5,1,1,1,0.2857142857142857
viewed touch,Control,R_1E1hgLCsWPNdlG8,sadness,sadness,0,6,1,1,1,1,4,0,0,0,0.2857142857142857
viewed touch,Control,R_1ewmME8WozIgME0,attention,attention,1,6,1,1,0,0,5,1,1,1,0.2857142857142857
viewed touch,Control,R_1ewmME8WozIgME0,calming,calming,1,6,1,2,0,1,4,1,0.5,0.6666666666666666,0.2857142857142857
viewed touch,Control,R_1ewmME8WozIgME0,gratitude,gratitude,1,6,1,1,0,0,5,1,1,1,0.2857142857142857
viewed touch,Control,R_1ewmME8WozIgME0,happiness,happiness,1,6,1,1,0,0,5,1,1,1,0.2857142857142857
viewed touch,Control,R_1ewmME8WozIgME0,love,love,0,6,1,0,1,0,5,0,0,0,0.2857142857142857
viewed touch,Control,R_1ewmME8WozIgME0,sadness,sadness,1,6,1,1,0,0,5,1,1,1,0.2857142857142857
viewed touch,Control,R_1GPpy6cRxlr9e9U,attention,attention,1,6,1,2,0,1,4,1,0.5,0.6666666666666666,0.2857142857142857
viewed touch,Control,R_1GPpy6cRxlr9e9U,calming,calming,1,6,1,2,0,1,4,1,0.5,0.6666666666666666,0.2857142857142857
viewed touch,Control,R_1GPpy6cRxlr9e9U,gratitude,gratitude,0,6,1,1,1,1,4,0,0,0,0.2857142857142857
viewed touch,Control,R_1GPpy6cRxlr9e9U,happiness,happiness,0,6,1,0,1,0,5,0,0,0,0.2857142857142857
viewed touch,Control,R_1GPpy6cRxlr9e9U,love,love,1,6,1,1,0,0,5,1,1,1,0.2857142857142857
viewed touch,Control,R_1GPpy6cRxlr9e9U,sadness,sadness,0,6,1,0,1,0,5,0,0,0,0.2857142857142857
viewed touch,Control,R_1hGMwLafqjQTLAU,attention,attention,0,6,1,1,1,1,4,0,0,0,0.2857142857142857
viewed touch,Control,R_1hGMwLafqjQTLAU,calming,calming,0,6,1,1,1,1,4,0,0,0,0.2857142857142857
viewed touch,Control,R_1hGMwLafqjQTLAU,gratitude,gratitude,0,6,1,1,1,1,4,0,0,0,0.2857142857142857
viewed touch,Control,R_1hGMwLafqjQTLAU,happiness,happiness,1,6,1,1,0,0,5,1,1,1,0.2857142857142857
viewed touch,Control,R_1hGMwLafqjQTLAU,love,love,0,6,1,1,1,1,4,0,0,0,0.2857142857142857
viewed touch,Control,R_1hGMwLafqjQTLAU,sadness,sadness,0,6,1,0,1,0,5,0,0,0,0.2857142857142857
viewed touch,Control,R_1jjpg9r9k0iqkcm,attention,attention,1,6,1,1,0,0,5,1,1,1,0.2857142857142857
viewed touch,Control,R_1jjpg9r9k0iqkcm,calming,calming,1,6,1,1,0,0,5,1,1,1,0.2857142857142857
viewed touch,Control,R_1jjpg9r9k0iqkcm,gratitude,gratitude,1,6,1,1,0,0,5,1,1,1,0.2857142857142857
viewed touch,Control,R_1jjpg9r9k0iqkcm,happiness,happiness,1,6,1,1,0,0,5,1,1,1,0.2857142857142857
viewed touch,Control,R_1jjpg9r9k0iqkcm,love,love,1,6,1,2,0,1,4,1,0.5,0.6666666666666666,0.2857142857142857
viewed touch,Control,R_1jjpg9r9k0iqkcm,sadness,sadness,0,6,1,0,1,0,5,0,0,0,0.2857142857142857
viewed touch,Control,R_1JKKjVXfNpD1GT3,attention,attention,1,6,1,1,0,0,5,1,1,1,0.2857142857142857
viewed touch,Control,R_1JKKjVXfNpD1GT3,calming,calming,1,6,1,1,0,0,5,1,1,1,0.2857142857142857
viewed touch,Control,R_1JKKjVXfNpD1GT3,gratitude,gratitude,0,6,1,0,1,0,5,0,0,0,0.2857142857142857
viewed touch,Control,R_1JKKjVXfNpD1GT3,happiness,happiness,1,6,1,1,0,0,5,1,1,1,0.2857142857142857
viewed touch,Control,R_1JKKjVXfNpD1GT3,love,love,1,6,1,1,0,0,5,1,1,1,0.2857142857142857
viewed touch,Control,R_1JKKjVXfNpD1GT3,sadness,sadness,0,6,1,1,1,1,4,0,0,0,0.2857142857142857
viewed touch,Control,R_1q8J7FX32lAGeVQ,attention,attention,1,6,1,1,0,0,5,1,1,1,0.2857142857142857
viewed touch,Control,R_1q8J7FX32lAGeVQ,calming,calming,0,6,1,1,1,1,4,0,0,0,0.2857142857142857
viewed touch,Control,R_1q8J7FX32lAGeVQ,gratitude,gratitude,1,6,1,1,0,0,5,1,1,1,0.2857142857142857
viewed touch,Control,R_1q8J7FX32lAGeVQ,happiness,happiness,0,6,1,0,1,0,5,0,0,0,0.2857142857142857
viewed touch,Control,R_1q8J7FX32lAGeVQ,love,love,1,6,1,2,0,1,4,1,0.5,0.6666666666666666,0.2857142857142857
viewed touch,Control,R_1q8J7FX32lAGeVQ,sadness,sadness,0,6,1,0,1,0,5,0,0,0,0.2857142857142857
viewed touch,Control,R_24N4TAb1v84O4mJ,attention,attention,1,6,1,2,0,1,4,1,0.5,0.6666666666666666,0.2857142857142857
viewed touch,Control,R_24N4TAb1v84O4mJ,calming,calming,1,6,1,1,0,0,5,1,1,1,0.2857142857142857
viewed touch,Control,R_24N4TAb1v84O4mJ,gratitude,gratitude,0,6,1,0,1,0,5,0,0,0,0.2857142857142857
viewed touch,Control,R_24N4TAb1v84O4mJ,happiness,happiness,0,6,1,0,1,0,5,0,0,0,0.2857142857142857
viewed touch,Control,R_24N4TAb1v84O4mJ,love,love,1,6,1,1,0,0,5,1,1,1,0.2857142857142857
viewed touch,Control,R_24N4TAb1v84O4mJ,sadness,sadness,1,6,1,1,0,0,5,1,1,1,0.2857142857142857
viewed touch,Control,R_25Xdue1yhmQfEjV,attention,attention,1,6,1,2,0,1,4,1,0.5,0.6666666666666666,0.2857142857142857
viewed touch,Control,R_25Xdue1yhmQfEjV,calming,calming,1,6,1,1,0,0,5,1,1,1,0.2857142857142857
viewed touch,Control,R_25Xdue1yhmQfEjV,gratitude,gratitude,0,6,1,1,1,1,4,0,0,0,0.2857142857142857
viewed touch,Control,R_25Xdue1yhmQfEjV,happiness,happiness,1,6,1,1,0,0,5,1,1,1,0.2857142857142857
viewed touch,Control,R_25Xdue1yhmQfEjV,love,love,1,6,1,1,0,0,5,1,1,1,0.2857142857142857
viewed touch,Control,R_25Xdue1yhmQfEjV,sadness,sadness,0,6,1,0,1,0,5,0,0,0,0.2857142857142857
viewed touch,Control,R_28OpeuVvAZfRxx9,attention,attention,1,6,1,2,0,1,4,1,0.5,0.6666666666666666,0.2857142857142857
viewed touch,Control,R_28OpeuVvAZfRxx9,calming,calming,0,6,1,1,1,1,4,0,0,0,0.2857142857142857
viewed touch,Control,R_28OpeuVvAZfRxx9,gratitude,gratitude,0,6,1,0,1,0,5,0,0,0,0.2857142857142857
viewed touch,Control,R_28OpeuVvAZfRxx9,happiness,happiness,1,6,1,1,0,0,5,1,1,1,0.2857142857142857
viewed touch,Control,R_28OpeuVvAZfRxx9,love,love,1,6,1,2,0,1,4,1,0.5,0.6666666666666666,0.2857142857142857
viewed touch,Control,R_28OpeuVvAZfRxx9,sadness,sadness,0,6,1,0,1,0,5,0,0,0,0.2857142857142857
viewed touch,Control,R_29ackBUB6hK7HmH,attention,attention,1,6,1,1,0,0,5,1,1,1,0.2857142857142857
viewed touch,Control,R_29ackBUB6hK7HmH,calming,calming,1,6,1,3,0,2,3,1,0.3333333333333333,0.5,0.2857142857142857
viewed touch,Control,R_29ackBUB6hK7HmH,gratitude,gratitude,0,6,1,0,1,0,5,0,0,0,0.2857142857142857
viewed touch,Control,R_29ackBUB6hK7HmH,happiness,happiness,1,6,1,1,0,0,5,1,1,1,0.2857142857142857
viewed touch,Control,R_29ackBUB6hK7HmH,love,love,1,6,1,1,0,0,5,1,1,1,0.2857142857142857
viewed touch,Control,R_29ackBUB6hK7HmH,sadness,sadness,0,6,1,0,1,0,5,0,0,0,0.2857142857142857
viewed touch,Control,R_2CB85AMCpgsbVWY,attention,attention,1,6,1,2,0,1,4,1,0.5,0.6666666666666666,0.2857142857142857
viewed touch,Control,R_2CB85AMCpgsbVWY,calming,calming,1,6,1,2,0,1,4,1,0.5,0.6666666666666666,0.2857142857142857
viewed touch,Control,R_2CB85AMCpgsbVWY,gratitude,gratitude,0,6,1,0,1,0,5,0,0,0,0.2857142857142857
viewed touch,Control,R_2CB85AMCpgsbVWY,happiness,happiness,1,6,1,1,0,0,5,1,1,1,0.2857142857142857
viewed touch,Control,R_2CB85AMCpgsbVWY,love,love,1,6,1,1,0,0,5,1,1,1,0.2857142857142857
viewed touch,Control,R_2CB85AMCpgsbVWY,sadness,sadness,0,6,1,0,1,0,5,0,0,0,0.2857142857142857
viewed touch,Control,R_2ClzDR05jZBcSyf,attention,attention,1,6,1,2,0,1,4,1,0.5,0.6666666666666666,0.2857142857142857
viewed touch,Control,R_2ClzDR05jZBcSyf,calming,calming,0,6,1,2,1,2,3,0,0,0,0.2857142857142857
viewed touch,Control,R_2ClzDR05jZBcSyf,gratitude,gratitude,0,6,1,0,1,0,5,0,0,0,0.2857142857142857
viewed touch,Control,R_2ClzDR05jZBcSyf,happiness,happiness,0,6,1,0,1,0,5,0,0,0,0.2857142857142857
viewed touch,Control,R_2ClzDR05jZBcSyf,love,love,0,6,1,0,1,0,5,0,0,0,0.2857142857142857
viewed touch,Control,R_2ClzDR05jZBcSyf,sadness,sadness,0,6,1,0,1,0,5,0,0,0,0.2857142857142857
viewed touch,Control,R_2CrIYD6MZV848bT,attention,attention,0,6,1,1,1,1,4,0,0,0,0.2857142857142857
viewed touch,Control,R_2CrIYD6MZV848bT,calming,calming,0,6,1,1,1,1,4,0,0,0,0.2857142857142857
viewed touch,Control,R_2CrIYD6MZV848bT,gratitude,gratitude,0,6,1,1,1,1,4,0,0,0,0.2857142857142857
viewed touch,Control,R_2CrIYD6MZV848bT,happiness,happiness,1,6,1,1,0,0,5,1,1,1,0.2857142857142857
viewed touch,Control,R_2CrIYD6MZV848bT,love,love,1,6,1,1,0,0,5,1,1,1,0.2857142857142857
viewed touch,Control,R_2CrIYD6MZV848bT,sadness,sadness,0,6,1,0,1,0,5,0,0,0,0.2857142857142857
viewed touch,Control,R_2CUtZ3ltMFlwEDP,attention,attention,1,6,1,1,0,0,5,1,1,1,0.2857142857142857
viewed touch,Control,R_2CUtZ3ltMFlwEDP,calming,calming,1,6,1,2,0,1,4,1,0.5,0.6666666666666666,0.2857142857142857
viewed touch,Control,R_2CUtZ3ltMFlwEDP,gratitude,gratitude,0,6,1,1,1,1,4,0,0,0,0.2857142857142857
viewed touch,Control,R_2CUtZ3ltMFlwEDP,happiness,happiness,1,6,1,1,0,0,5,1,1,1,0.2857142857142857
viewed touch,Control,R_2CUtZ3ltMFlwEDP,love,love,1,6,1,1,0,0,5,1,1,1,0.2857142857142857
viewed touch,Control,R_2CUtZ3ltMFlwEDP,sadness,sadness,0,6,1,0,1,0,5,0,0,0,0.2857142857142857
viewed touch,Control,R_2CwUdUbXSvdMV9F,attention,attention,1,6,1,2,0,1,4,1,0.5,0.6666666666666666,0.2857142857142857
viewed touch,Control,R_2CwUdUbXSvdMV9F,calming,calming,0,6,1,1,1,1,4,0,0,0,0.2857142857142857
viewed touch,Control,R_2CwUdUbXSvdMV9F,gratitude,gratitude,0,6,1,0,1,0,5,0,0,0,0.2857142857142857
viewed touch,Control,R_2CwUdUbXSvdMV9F,happiness,happiness,1,6,1,1,0,0,5,1,1,1,0.2857142857142857
viewed touch,Control,R_2CwUdUbXSvdMV9F,love,love,1,6,1,1,0,0,5,1,1,1,0.2857142857142857
viewed touch,Control,R_2CwUdUbXSvdMV9F,sadness,sadness,0,6,1,0,1,0,5,0,0,0,0.2857142857142857
viewed touch,Control,R_2czNL44C8dKDp6d,attention,attention,1,6,1,1,0,0,5,1,1,1,0.2857142857142857
viewed touch,Control,R_2czNL44C8dKDp6d,calming,calming,0,6,1,1,1,1,4,0,0,0,0.2857142857142857
viewed touch,Control,R_2czNL44C8dKDp6d,gratitude,gratitude,0,6,1,1,1,1,4,0,0,0,0.2857142857142857
viewed touch,Control,R_2czNL44C8dKDp6d,happiness,happiness,1,6,1,1,0,0,5,1,1,1,0.2857142857142857
viewed touch,Control,R_2czNL44C8dKDp6d,love,love,1,6,1,2,0,1,4,1,0.5,0.6666666666666666,0.2857142857142857
viewed touch,Control,R_2czNL44C8dKDp6d,sadness,sadness,0,6,1,0,1,0,5,0,0,0,0.2857142857142857
viewed touch,Control,R_2e5zkwDswRyVhfS,attention,attention,1,6,1,1,0,0,5,1,1,1,0.2857142857142857
viewed touch,Control,R_2e5zkwDswRyVhfS,calming,calming,1,6,1,3,0,2,3,1,0.3333333333333333,0.5,0.2857142857142857
viewed touch,Control,R_2e5zkwDswRyVhfS,gratitude,gratitude,0,6,1,0,1,0,5,0,0,0,0.2857142857142857
viewed touch,Control,R_2e5zkwDswRyVhfS,happiness,happiness,1,6,1,1,0,0,5,1,1,1,0.2857142857142857
viewed touch,Control,R_2e5zkwDswRyVhfS,love,love,1,6,1,1,0,0,5,1,1,1,0.2857142857142857
viewed touch,Control,R_2e5zkwDswRyVhfS,sadness,sadness,0,6,1,0,1,0,5,0,0,0,0.2857142857142857
viewed touch,Control,R_2EjdAOg24mBRiuC,attention,attention,1,6,1,2,0,1,4,1,0.5,0.6666666666666666,0.2857142857142857
viewed touch,Control,R_2EjdAOg24mBRiuC,calming,calming,0,6,1,1,1,1,4,0,0,0,0.2857142857142857
viewed touch,Control,R_2EjdAOg24mBRiuC,gratitude,gratitude,0,6,1,0,1,0,5,0,0,0,0.2857142857142857
viewed touch,Control,R_2EjdAOg24mBRiuC,happiness,happiness,0,6,1,0,1,0,5,0,0,0,0.2857142857142857
viewed touch,Control,R_2EjdAOg24mBRiuC,love,love,1,6,1,2,0,1,4,1,0.5,0.6666666666666666,0.2857142857142857
viewed touch,Control,R_2EjdAOg24mBRiuC,sadness,sadness,0,6,1,0,1,0,5,0,0,0,0.2857142857142857
viewed touch,Control,R_2gIsbawvs1x7zDX,attention,attention,1,6,1,1,0,0,5,1,1,1,0.2857142857142857
viewed touch,Control,R_2gIsbawvs1x7zDX,calming,calming,1,6,1,2,0,1,4,1,0.5,0.6666666666666666,0.2857142857142857
viewed touch,Control,R_2gIsbawvs1x7zDX,gratitude,gratitude,0,6,1,0,1,0,5,0,0,0,0.2857142857142857
viewed touch,Control,R_2gIsbawvs1x7zDX,happiness,happiness,0,6,1,0,1,0,5,0,0,0,0.2857142857142857
viewed touch,Control,R_2gIsbawvs1x7zDX,love,love,0,6,1,0,1,0,5,0,0,0,0.2857142857142857
viewed touch,Control,R_2gIsbawvs1x7zDX,sadness,sadness,1,6,1,1,0,0,5,1,1,1,0.2857142857142857
viewed touch,Control,R_2PpnGmv28xDEyhK,attention,attention,1,6,1,1,0,0,5,1,1,1,0.2857142857142857
viewed touch,Control,R_2PpnGmv28xDEyhK,calming,calming,1,6,1,2,0,1,4,1,0.5,0.6666666666666666,0.2857142857142857
viewed touch,Control,R_2PpnGmv28xDEyhK,gratitude,gratitude,0,6,1,0,1,0,5,0,0,0,0.2857142857142857
viewed touch,Control,R_2PpnGmv28xDEyhK,happiness,happiness,0,6,1,0,1,0,5,0,0,0,0.2857142857142857
viewed touch,Control,R_2PpnGmv28xDEyhK,love,love,1,6,1,1,0,0,5,1,1,1,0.2857142857142857
viewed touch,Control,R_2PpnGmv28xDEyhK,sadness,sadness,0,6,1,0,1,0,5,0,0,0,0.2857142857142857
viewed touch,Control,R_2QAIdADZpftuTSQ,attention,attention,1,6,1,2,0,1,4,1,0.5,0.6666666666666666,0.2857142857142857
viewed touch,Control,R_2QAIdADZpftuTSQ,calming,calming,1,6,1,1,0,0,5,1,1,1,0.2857142857142857
viewed touch,Control,R_2QAIdADZpftuTSQ,gratitude,gratitude,0,6,1,0,1,0,5,0,0,0,0.2857142857142857
viewed touch,Control,R_2QAIdADZpftuTSQ,happiness,happiness,0,6,1,0,1,0,5,0,0,0,0.2857142857142857
viewed touch,Control,R_2QAIdADZpftuTSQ,love,love,1,6,1,1,0,0,5,1,1,1,0.2857142857142857
viewed touch,Control,R_2QAIdADZpftuTSQ,sadness,sadness,0,6,1,0,1,0,5,0,0,0,0.2857142857142857
viewed touch,Control,R_2RaW02UzcG3C414,attention,attention,1,6,1,2,0,1,4,1,0.5,0.6666666666666666,0.2857142857142857
viewed touch,Control,R_2RaW02UzcG3C414,calming,calming,1,6,1,2,0,1,4,1,0.5,0.6666666666666666,0.2857142857142857
viewed touch,Control,R_2RaW02UzcG3C414,gratitude,gratitude,0,6,1,0,1,0,5,0,0,0,0.2857142857142857
viewed touch,Control,R_2RaW02UzcG3C414,happiness,happiness,0,6,1,0,1,0,5,0,0,0,0.2857142857142857
viewed touch,Control,R_2RaW02UzcG3C414,love,love,1,6,1,1,0,0,5,1,1,1,0.2857142857142857
viewed touch,Control,R_2RaW02UzcG3C414,sadness,sadness,0,6,1,0,1,0,5,0,0,0,0.2857142857142857
viewed touch,Control,R_2SfqZhHs3bZqQUs,attention,attention,1,6,1,1,0,0,5,1,1,1,0.2857142857142857
viewed touch,Control,R_2SfqZhHs3bZqQUs,calming,calming,1,6,1,2,0,1,4,1,0.5,0.6666666666666666,0.2857142857142857
viewed touch,Control,R_2SfqZhHs3bZqQUs,gratitude,gratitude,0,6,1,0,1,0,5,0,0,0,0.2857142857142857
viewed touch,Control,R_2SfqZhHs3bZqQUs,happiness,happiness,1,6,1,1,0,0,5,1,1,1,0.2857142857142857
viewed touch,Control,R_2SfqZhHs3bZqQUs,love,love,1,6,1,1,0,0,5,1,1,1,0.2857142857142857
viewed touch,Control,R_2SfqZhHs3bZqQUs,sadness,sadness,0,6,1,0,1,0,5,0,0,0,0.2857142857142857
viewed touch,Control,R_2tfHWX6jKUCGfhU,attention,attention,1,6,1,2,0,1,4,1,0.5,0.6666666666666666,0.2857142857142857
viewed touch,Control,R_2tfHWX6jKUCGfhU,calming,calming,0,6,1,1,1,1,4,0,0,0,0.2857142857142857
viewed touch,Control,R_2tfHWX6jKUCGfhU,gratitude,gratitude,0,6,1,1,1,1,4,0,0,0,0.2857142857142857
viewed touch,Control,R_2tfHWX6jKUCGfhU,happiness,happiness,0,6,1,0,1,0,5,0,0,0,0.2857142857142857
viewed touch,Control,R_2tfHWX6jKUCGfhU,love,love,1,6,1,2,0,1,4,1,0.5,0.6666666666666666,0.2857142857142857
viewed touch,Control,R_2tfHWX6jKUCGfhU,sadness,sadness,0,6,1,0,1,0,5,0,0,0,0.2857142857142857
viewed touch,Control,R_2THHedY0eKGKTcM,attention,attention,1,6,1,2,0,1,4,1,0.5,0.6666666666666666,0.2857142857142857
viewed touch,Control,R_2THHedY0eKGKTcM,calming,calming,1,6,1,2,0,1,4,1,0.5,0.6666666666666666,0.2857142857142857
viewed touch,Control,R_2THHedY0eKGKTcM,gratitude,gratitude,0,6,1,0,1,0,5,0,0,0,0.2857142857142857
viewed touch,Control,R_2THHedY0eKGKTcM,happiness,happiness,0,6,1,0,1,0,5,0,0,0,0.2857142857142857
viewed touch,Control,R_2THHedY0eKGKTcM,love,love,1,6,1,1,0,0,5,1,1,1,0.2857142857142857
viewed touch,Control,R_2THHedY0eKGKTcM,sadness,sadness,1,6,1,1,0,0,5,1,1,1,0.2857142857142857
viewed touch,Control,R_2U2XfiKMkWOW8u5,attention,attention,1,6,1,1,0,0,5,1,1,1,0.2857142857142857
viewed touch,Control,R_2U2XfiKMkWOW8u5,calming,calming,0,6,1,1,1,1,4,0,0,0,0.2857142857142857
viewed touch,Control,R_2U2XfiKMkWOW8u5,gratitude,gratitude,0,6,1,0,1,0,5,0,0,0,0.2857142857142857
viewed touch,Control,R_2U2XfiKMkWOW8u5,happiness,happiness,0,6,1,0,1,0,5,0,0,0,0.2857142857142857
viewed touch,Control,R_2U2XfiKMkWOW8u5,love,love,1,6,1,1,0,0,5,1,1,1,0.2857142857142857
viewed touch,Control,R_2U2XfiKMkWOW8u5,sadness,sadness,0,6,1,0,1,0,5,0,0,0,0.2857142857142857
viewed touch,Control,R_2Vg9LqZOG0zrezV,attention,attention,1,6,1,2,0,1,4,1,0.5,0.6666666666666666,0.2857142857142857
viewed touch,Control,R_2Vg9LqZOG0zrezV,calming,calming,1,6,1,1,0,0,5,1,1,1,0.2857142857142857
viewed touch,Control,R_2Vg9LqZOG0zrezV,gratitude,gratitude,0,6,1,1,1,1,4,0,0,0,0.2857142857142857
viewed touch,Control,R_2Vg9LqZOG0zrezV,happiness,happiness,0,6,1,0,1,0,5,0,0,0,0.2857142857142857
viewed touch,Control,R_2Vg9LqZOG0zrezV,love,love,1,6,1,1,0,0,5,1,1,1,0.2857142857142857
viewed touch,Control,R_2Vg9LqZOG0zrezV,sadness,sadness,0,6,1,0,1,0,5,0,0,0,0.2857142857142857
viewed touch,Control,R_2VrreUdN8eRPacz,attention,attention,1,6,1,1,0,0,5,1,1,1,0.2857142857142857
viewed touch,Control,R_2VrreUdN8eRPacz,calming,calming,0,6,1,3,1,3,2,0,0,0,0.2857142857142857
viewed touch,Control,R_2VrreUdN8eRPacz,gratitude,gratitude,0,6,1,0,1,0,5,0,0,0,0.2857142857142857
viewed touch,Control,R_2VrreUdN8eRPacz,happiness,happiness,0,6,1,0,1,0,5,0,0,0,0.2857142857142857
viewed touch,Control,R_2VrreUdN8eRPacz,love,love,0,6,1,0,1,0,5,0,0,0,0.2857142857142857
viewed touch,Control,R_2VrreUdN8eRPacz,sadness,sadness,0,6,1,0,1,0,5,0,0,0,0.2857142857142857
viewed touch,Control,R_2who6Qy9Oo0roix,attention,attention,1,6,1,1,0,0,5,1,1,1,0.2857142857142857
viewed touch,Control,R_2who6Qy9Oo0roix,calming,calming,0,6,1,1,1,1,4,0,0,0,0.2857142857142857
viewed touch,Control,R_2who6Qy9Oo0roix,gratitude,gratitude,0,6,1,0,1,0,5,0,0,0,0.2857142857142857
viewed touch,Control,R_2who6Qy9Oo0roix,happiness,happiness,1,6,1,1,0,0,5,1,1,1,0.2857142857142857
viewed touch,Control,R_2who6Qy9Oo0roix,love,love,1,6,1,1,0,0,5,1,1,1,0.2857142857142857
viewed touch,Control,R_2who6Qy9Oo0roix,sadness,sadness,0,6,1,0,1,0,5,0,0,0,0.2857142857142857
viewed touch,Control,R_2Xbtllds1teaoV2,attention,attention,1,6,1,1,0,0,5,1,1,1,0.2857142857142857
viewed touch,Control,R_2Xbtllds1teaoV2,calming,calming,1,6,1,2,0,1,4,1,0.5,0.6666666666666666,0.2857142857142857
viewed touch,Control,R_2Xbtllds1teaoV2,gratitude,gratitude,1,6,1,1,0,0,5,1,1,1,0.2857142857142857
viewed touch,Control,R_2Xbtllds1teaoV2,happiness,happiness,1,6,1,1,0,0,5,1,1,1,0.2857142857142857
viewed touch,Control,R_2Xbtllds1teaoV2,love,love,1,6,1,1,0,0,5,1,1,1,0.2857142857142857
viewed touch,Control,R_2Xbtllds1teaoV2,sadness,sadness,0,6,1,0,1,0,5,0,0,0,0.2857142857142857
viewed touch,Control,R_2ypUDtUxDdt1eGg,attention,attention,1,6,1,1,0,0,5,1,1,1,0.2857142857142857
viewed touch,Control,R_2ypUDtUxDdt1eGg,calming,calming,0,6,1,0,1,0,5,0,0,0,0.2857142857142857
viewed touch,Control,R_2ypUDtUxDdt1eGg,gratitude,gratitude,0,6,1,0,1,0,5,0,0,0,0.2857142857142857
viewed touch,Control,R_2ypUDtUxDdt1eGg,happiness,happiness,0,6,1,0,1,0,5,0,0,0,0.2857142857142857
viewed touch,Control,R_2ypUDtUxDdt1eGg,love,love,1,6,1,1,0,0,5,1,1,1,0.2857142857142857
viewed touch,Control,R_2ypUDtUxDdt1eGg,sadness,sadness,0,6,1,0,1,0,5,0,0,0,0.2857142857142857
viewed touch,Control,R_2zUaezQatmtsuCY,attention,attention,1,6,1,1,0,0,5,1,1,1,0.2857142857142857
viewed touch,Control,R_2zUaezQatmtsuCY,calming,calming,1,6,1,2,0,1,4,1,0.5,0.6666666666666666,0.2857142857142857
viewed touch,Control,R_2zUaezQatmtsuCY,gratitude,gratitude,0,6,1,0,1,0,5,0,0,0,0.2857142857142857
viewed touch,Control,R_2zUaezQatmtsuCY,happiness,happiness,1,6,1,1,0,0,5,1,1,1,0.2857142857142857
viewed touch,Control,R_2zUaezQatmtsuCY,love,love,1,6,1,1,0,0,5,1,1,1,0.2857142857142857
viewed touch,Control,R_2zUaezQatmtsuCY,sadness,sadness,1,6,1,1,0,0,5,1,1,1,0.2857142857142857
viewed touch,Control,R_31nhmzQcwGn8LLx,attention,attention,1,6,1,1,0,0,5,1,1,1,0.2857142857142857
viewed touch,Control,R_31nhmzQcwGn8LLx,calming,calming,1,6,1,1,0,0,5,1,1,1,0.2857142857142857
viewed touch,Control,R_31nhmzQcwGn8LLx,gratitude,gratitude,0,6,1,1,1,1,4,0,0,0,0.2857142857142857
viewed touch,Control,R_31nhmzQcwGn8LLx,happiness,happiness,0,6,1,0,1,0,5,0,0,0,0.2857142857142857
viewed touch,Control,R_31nhmzQcwGn8LLx,love,love,1,6,1,1,0,0,5,1,1,1,0.2857142857142857
viewed touch,Control,R_31nhmzQcwGn8LLx,sadness,sadness,0,6,1,0,1,0,5,0,0,0,0.2857142857142857
viewed touch,Control,R_3EMSvXAT1ZriJYe,attention,attention,1,6,1,2,0,1,4,1,0.5,0.6666666666666666,0.2857142857142857
viewed touch,Control,R_3EMSvXAT1ZriJYe,calming,calming,1,6,1,1,0,0,5,1,1,1,0.2857142857142857
viewed touch,Control,R_3EMSvXAT1ZriJYe,gratitude,gratitude,0,6,1,0,1,0,5,0,0,0,0.2857142857142857
viewed touch,Control,R_3EMSvXAT1ZriJYe,happiness,happiness,1,6,1,2,0,1,4,1,0.5,0.6666666666666666,0.2857142857142857
viewed touch,Control,R_3EMSvXAT1ZriJYe,love,love,1,6,1,1,0,0,5,1,1,1,0.2857142857142857
viewed touch,Control,R_3EMSvXAT1ZriJYe,sadness,sadness,0,6,1,0,1,0,5,0,0,0,0.2857142857142857
viewed touch,Control,R_3fIhaWY3B2rFRId,attention,attention,1,6,1,1,0,0,5,1,1,1,0.2857142857142857
viewed touch,Control,R_3fIhaWY3B2rFRId,calming,calming,1,6,1,1,0,0,5,1,1,1,0.2857142857142857
viewed touch,Control,R_3fIhaWY3B2rFRId,gratitude,gratitude,0,6,1,1,1,1,4,0,0,0,0.2857142857142857
viewed touch,Control,R_3fIhaWY3B2rFRId,happiness,happiness,1,6,1,1,0,0,5,1,1,1,0.2857142857142857
viewed touch,Control,R_3fIhaWY3B2rFRId,love,love,1,6,1,1,0,0,5,1,1,1,0.2857142857142857
viewed touch,Control,R_3fIhaWY3B2rFRId,sadness,sadness,0,6,1,1,1,1,4,0,0,0,0.2857142857142857
viewed touch,Control,R_3fW3964xF4PKPEL,attention,attention,1,6,1,1,0,0,5,1,1,1,0.2857142857142857
viewed touch,Control,R_3fW3964xF4PKPEL,calming,calming,0,6,1,1,1,1,4,0,0,0,0.2857142857142857
viewed touch,Control,R_3fW3964xF4PKPEL,gratitude,gratitude,0,6,1,1,1,1,4,0,0,0,0.2857142857142857
viewed touch,Control,R_3fW3964xF4PKPEL,happiness,happiness,0,6,1,0,1,0,5,0,0,0,0.2857142857142857
viewed touch,Control,R_3fW3964xF4PKPEL,love,love,1,6,1,1,0,0,5,1,1,1,0.2857142857142857
viewed touch,Control,R_3fW3964xF4PKPEL,sadness,sadness,0,6,1,1,1,1,4,0,0,0,0.2857142857142857
viewed touch,Control,R_3g6PVaYmtBq0oZ3,attention,attention,1,6,1,3,0,2,3,1,0.3333333333333333,0.5,0.2857142857142857
viewed touch,Control,R_3g6PVaYmtBq0oZ3,calming,calming,1,6,1,1,0,0,5,1,1,1,0.2857142857142857
viewed touch,Control,R_3g6PVaYmtBq0oZ3,gratitude,gratitude,0,6,1,0,1,0,5,0,0,0,0.2857142857142857
viewed touch,Control,R_3g6PVaYmtBq0oZ3,happiness,happiness,0,6,1,0,1,0,5,0,0,0,0.2857142857142857
viewed touch,Control,R_3g6PVaYmtBq0oZ3,love,love,1,6,1,1,0,0,5,1,1,1,0.2857142857142857
viewed touch,Control,R_3g6PVaYmtBq0oZ3,sadness,sadness,0,6,1,0,1,0,5,0,0,0,0.2857142857142857
viewed touch,Control,R_3gRYzUIgOmIE2jQ,attention,attention,1,6,1,2,0,1,4,1,0.5,0.6666666666666666,0.2857142857142857
viewed touch,Control,R_3gRYzUIgOmIE2jQ,calming,calming,1,6,1,1,0,0,5,1,1,1,0.2857142857142857
viewed touch,Control,R_3gRYzUIgOmIE2jQ,gratitude,gratitude,0,6,1,1,1,1,4,0,0,0,0.2857142857142857
viewed touch,Control,R_3gRYzUIgOmIE2jQ,happiness,happiness,1,6,1,1,0,0,5,1,1,1,0.2857142857142857
viewed touch,Control,R_3gRYzUIgOmIE2jQ,love,love,1,6,1,1,0,0,5,1,1,1,0.2857142857142857
viewed touch,Control,R_3gRYzUIgOmIE2jQ,sadness,sadness,0,6,1,0,1,0,5,0,0,0,0.2857142857142857
viewed touch,Control,R_3HitAhOgoOyQ8iN,attention,attention,1,6,1,2,0,1,4,1,0.5,0.6666666666666666,0.2857142857142857
viewed touch,Control,R_3HitAhOgoOyQ8iN,calming,calming,1,6,1,1,0,0,5,1,1,1,0.2857142857142857
viewed touch,Control,R_3HitAhOgoOyQ8iN,gratitude,gratitude,0,6,1,0,1,0,5,0,0,0,0.2857142857142857
viewed touch,Control,R_3HitAhOgoOyQ8iN,happiness,happiness,1,6,1,1,0,0,5,1,1,1,0.2857142857142857
viewed touch,Control,R_3HitAhOgoOyQ8iN,love,love,1,6,1,1,0,0,5,1,1,1,0.2857142857142857
viewed touch,Control,R_3HitAhOgoOyQ8iN,sadness,sadness,0,6,1,0,1,0,5,0,0,0,0.2857142857142857
viewed touch,Control,R_3hsciovcqHyz7Vc,attention,attention,1,6,1,1,0,0,5,1,1,1,0.2857142857142857
viewed touch,Control,R_3hsciovcqHyz7Vc,calming,calming,1,6,1,2,0,1,4,1,0.5,0.6666666666666666,0.2857142857142857
viewed touch,Control,R_3hsciovcqHyz7Vc,gratitude,gratitude,0,6,1,0,1,0,5,0,0,0,0.2857142857142857
viewed touch,Control,R_3hsciovcqHyz7Vc,happiness,happiness,1,6,1,1,0,0,5,1,1,1,0.2857142857142857
viewed touch,Control,R_3hsciovcqHyz7Vc,love,love,1,6,1,1,0,0,5,1,1,1,0.2857142857142857
viewed touch,Control,R_3hsciovcqHyz7Vc,sadness,sadness,1,6,1,1,0,0,5,1,1,1,0.2857142857142857
viewed touch,Control,R_3HTeYjNni2cvCba,attention,attention,1,6,1,1,0,0,5,1,1,1,0.2857142857142857
viewed touch,Control,R_3HTeYjNni2cvCba,calming,calming,0,6,1,2,1,2,3,0,0,0,0.2857142857142857
viewed touch,Control,R_3HTeYjNni2cvCba,gratitude,gratitude,0,6,1,0,1,0,5,0,0,0,0.2857142857142857
viewed touch,Control,R_3HTeYjNni2cvCba,happiness,happiness,0,6,1,0,1,0,5,0,0,0,0.2857142857142857
viewed touch,Control,R_3HTeYjNni2cvCba,love,love,1,6,1,2,0,1,4,1,0.5,0.6666666666666666,0.2857142857142857
viewed touch,Control,R_3HTeYjNni2cvCba,sadness,sadness,0,6,1,0,1,0,5,0,0,0,0.2857142857142857
viewed touch,Control,R_3HuEN0MZTrCa7Rj,attention,attention,1,6,1,2,0,1,4,1,0.5,0.6666666666666666,0.2857142857142857
viewed touch,Control,R_3HuEN0MZTrCa7Rj,calming,calming,1,6,1,1,0,0,5,1,1,1,0.2857142857142857
viewed touch,Control,R_3HuEN0MZTrCa7Rj,gratitude,gratitude,0,6,1,0,1,0,5,0,0,0,0.2857142857142857
viewed touch,Control,R_3HuEN0MZTrCa7Rj,happiness,happiness,1,6,1,1,0,0,5,1,1,1,0.2857142857142857
viewed touch,Control,R_3HuEN0MZTrCa7Rj,love,love,1,6,1,1,0,0,5,1,1,1,0.2857142857142857
viewed touch,Control,R_3HuEN0MZTrCa7Rj,sadness,sadness,0,6,1,1,1,1,4,0,0,0,0.2857142857142857
viewed touch,Control,R_3JKrFdhzOXUQwvF,attention,attention,1,6,1,1,0,0,5,1,1,1,0.2857142857142857
viewed touch,Control,R_3JKrFdhzOXUQwvF,calming,calming,1,6,1,2,0,1,4,1,0.5,0.6666666666666666,0.2857142857142857
viewed touch,Control,R_3JKrFdhzOXUQwvF,gratitude,gratitude,0,6,1,1,1,1,4,0,0,0,0.2857142857142857
viewed touch,Control,R_3JKrFdhzOXUQwvF,happiness,happiness,0,6,1,0,1,0,5,0,0,0,0.2857142857142857
viewed touch,Control,R_3JKrFdhzOXUQwvF,love,love,1,6,1,1,0,0,5,1,1,1,0.2857142857142857
viewed touch,Control,R_3JKrFdhzOXUQwvF,sadness,sadness,0,6,1,0,1,0,5,0,0,0,0.2857142857142857
viewed touch,Control,R_3KUcoc1L4zGUBHN,attention,attention,1,6,1,2,0,1,4,1,0.5,0.6666666666666666,0.2857142857142857
viewed touch,Control,R_3KUcoc1L4zGUBHN,calming,calming,1,6,1,1,0,0,5,1,1,1,0.2857142857142857
viewed touch,Control,R_3KUcoc1L4zGUBHN,gratitude,gratitude,0,6,1,1,1,1,4,0,0,0,0.2857142857142857
viewed touch,Control,R_3KUcoc1L4zGUBHN,happiness,happiness,0,6,1,0,1,0,5,0,0,0,0.2857142857142857
viewed touch,Control,R_3KUcoc1L4zGUBHN,love,love,1,6,1,1,0,0,5,1,1,1,0.2857142857142857
viewed touch,Control,R_3KUcoc1L4zGUBHN,sadness,sadness,0,6,1,0,1,0,5,0,0,0,0.2857142857142857
viewed touch,Control,R_3lRdUEMf8yALvBw,attention,attention,1,6,1,2,0,1,4,1,0.5,0.6666666666666666,0.2857142857142857
viewed touch,Control,R_3lRdUEMf8yALvBw,calming,calming,1,6,1,2,0,1,4,1,0.5,0.6666666666666666,0.2857142857142857
viewed touch,Control,R_3lRdUEMf8yALvBw,gratitude,gratitude,0,6,1,0,1,0,5,0,0,0,0.2857142857142857
viewed touch,Control,R_3lRdUEMf8yALvBw,happiness,happiness,0,6,1,0,1,0,5,0,0,0,0.2857142857142857
viewed touch,Control,R_3lRdUEMf8yALvBw,love,love,1,6,1,1,0,0,5,1,1,1,0.2857142857142857
viewed touch,Control,R_3lRdUEMf8yALvBw,sadness,sadness,0,6,1,0,1,0,5,0,0,0,0.2857142857142857
viewed touch,Control,R_3luap9V1BDdFgrm,attention,attention,1,6,1,2,0,1,4,1,0.5,0.6666666666666666,0.2857142857142857
viewed touch,Control,R_3luap9V1BDdFgrm,calming,calming,1,6,1,2,0,1,4,1,0.5,0.6666666666666666,0.2857142857142857
viewed touch,Control,R_3luap9V1BDdFgrm,gratitude,gratitude,1,6,1,1,0,0,5,1,1,1,0.2857142857142857
viewed touch,Control,R_3luap9V1BDdFgrm,happiness,happiness,0,6,1,0,1,0,5,0,0,0,0.2857142857142857
viewed touch,Control,R_3luap9V1BDdFgrm,love,love,1,6,1,1,0,0,5,1,1,1,0.2857142857142857
viewed touch,Control,R_3luap9V1BDdFgrm,sadness,sadness,0,6,1,0,1,0,5,0,0,0,0.2857142857142857
viewed touch,Control,R_3m8ZjAPYN6HRn40,attention,attention,1,6,1,1,0,0,5,1,1,1,0.2857142857142857
viewed touch,Control,R_3m8ZjAPYN6HRn40,calming,calming,1,6,1,3,0,2,3,1,0.3333333333333333,0.5,0.2857142857142857
viewed touch,Control,R_3m8ZjAPYN6HRn40,gratitude,gratitude,0,6,1,0,1,0,5,0,0,0,0.2857142857142857
viewed touch,Control,R_3m8ZjAPYN6HRn40,happiness,happiness,0,6,1,0,1,0,5,0,0,0,0.2857142857142857
viewed touch,Control,R_3m8ZjAPYN6HRn40,love,love,1,6,1,1,0,0,5,1,1,1,0.2857142857142857
viewed touch,Control,R_3m8ZjAPYN6HRn40,sadness,sadness,0,6,1,0,1,0,5,0,0,0,0.2857142857142857
viewed touch,Control,R_3n6nxQ3KruWH8PX,attention,attention,1,6,1,2,0,1,4,1,0.5,0.6666666666666666,0.2857142857142857
viewed touch,Control,R_3n6nxQ3KruWH8PX,calming,calming,1,6,1,1,0,0,5,1,1,1,0.2857142857142857
viewed touch,Control,R_3n6nxQ3KruWH8PX,gratitude,gratitude,0,6,1,0,1,0,5,0,0,0,0.2857142857142857
viewed touch,Control,R_3n6nxQ3KruWH8PX,happiness,happiness,0,6,1,0,1,0,5,0,0,0,0.2857142857142857
viewed touch,Control,R_3n6nxQ3KruWH8PX,love,love,1,6,1,1,0,0,5,1,1,1,0.2857142857142857
viewed touch,Control,R_3n6nxQ3KruWH8PX,sadness,sadness,1,6,1,1,0,0,5,1,1,1,0.2857142857142857
viewed touch,Control,R_3NPXiScGvRygq07,attention,attention,1,6,1,1,0,0,5,1,1,1,0.2857142857142857
viewed touch,Control,R_3NPXiScGvRygq07,calming,calming,1,6,1,1,0,0,5,1,1,1,0.2857142857142857
viewed touch,Control,R_3NPXiScGvRygq07,gratitude,gratitude,0,6,1,1,1,1,4,0,0,0,0.2857142857142857
viewed touch,Control,R_3NPXiScGvRygq07,happiness,happiness,1,6,1,2,0,1,4,1,0.5,0.6666666666666666,0.2857142857142857
viewed touch,Control,R_3NPXiScGvRygq07,love,love,1,6,1,1,0,0,5,1,1,1,0.2857142857142857
viewed touch,Control,R_3NPXiScGvRygq07,sadness,sadness,0,6,1,0,1,0,5,0,0,0,0.2857142857142857
viewed touch,Control,R_3P628lU1KWxNmHJ,attention,attention,1,6,1,1,0,0,5,1,1,1,0.2857142857142857
viewed touch,Control,R_3P628lU1KWxNmHJ,calming,calming,1,6,1,2,0,1,4,1,0.5,0.6666666666666666,0.2857142857142857
viewed touch,Control,R_3P628lU1KWxNmHJ,gratitude,gratitude,0,6,1,1,1,1,4,0,0,0,0.2857142857142857
viewed touch,Control,R_3P628lU1KWxNmHJ,happiness,happiness,1,6,1,1,0,0,5,1,1,1,0.2857142857142857
viewed touch,Control,R_3P628lU1KWxNmHJ,love,love,0,6,1,0,1,0,5,0,0,0,0.2857142857142857
viewed touch,Control,R_3P628lU1KWxNmHJ,sadness,sadness,0,6,1,0,1,0,5,0,0,0,0.2857142857142857
viewed touch,Control,R_3pirmIUSrsydYng,attention,attention,1,6,1,3,0,2,3,1,0.3333333333333333,0.5,0.2857142857142857
viewed touch,Control,R_3pirmIUSrsydYng,calming,calming,0,6,1,1,1,1,4,0,0,0,0.2857142857142857
viewed touch,Control,R_3pirmIUSrsydYng,gratitude,gratitude,0,6,1,0,1,0,5,0,0,0,0.2857142857142857
viewed touch,Control,R_3pirmIUSrsydYng,happiness,happiness,0,6,1,0,1,0,5,0,0,0,0.2857142857142857
viewed touch,Control,R_3pirmIUSrsydYng,love,love,1,6,1,2,0,1,4,1,0.5,0.6666666666666666,0.2857142857142857
viewed touch,Control,R_3pirmIUSrsydYng,sadness,sadness,0,6,1,0,1,0,5,0,0,0,0.2857142857142857
viewed touch,Control,R_3sglr160uXp6Y4O,attention,attention,1,6,1,2,0,1,4,1,0.5,0.6666666666666666,0.2857142857142857
viewed touch,Control,R_3sglr160uXp6Y4O,calming,calming,0,6,1,1,1,1,4,0,0,0,0.2857142857142857
viewed touch,Control,R_3sglr160uXp6Y4O,gratitude,gratitude,0,6,1,0,1,0,5,0,0,0,0.2857142857142857
viewed touch,Control,R_3sglr160uXp6Y4O,happiness,happiness,1,6,1,1,0,0,5,1,1,1,0.2857142857142857
viewed touch,Control,R_3sglr160uXp6Y4O,love,love,1,6,1,2,0,1,4,1,0.5,0.6666666666666666,0.2857142857142857
viewed touch,Control,R_3sglr160uXp6Y4O,sadness,sadness,0,6,1,0,1,0,5,0,0,0,0.2857142857142857
viewed touch,Control,R_6lEgY56GHrkimVX,attention,attention,1,6,1,2,0,1,4,1,0.5,0.6666666666666666,0.2857142857142857
viewed touch,Control,R_6lEgY56GHrkimVX,calming,calming,1,6,1,2,0,1,4,1,0.5,0.6666666666666666,0.2857142857142857
viewed touch,Control,R_6lEgY56GHrkimVX,gratitude,gratitude,0,6,1,0,1,0,5,0,0,0,0.2857142857142857
viewed touch,Control,R_6lEgY56GHrkimVX,happiness,happiness,0,6,1,1,1,1,4,0,0,0,0.2857142857142857
viewed touch,Control,R_6lEgY56GHrkimVX,love,love,0,6,1,1,1,1,4,0,0,0,0.2857142857142857
viewed touch,Control,R_6lEgY56GHrkimVX,sadness,sadness,0,6,1,0,1,0,5,0,0,0,0.2857142857142857
viewed touch,Control,R_agEidu5kKdBHXzP,attention,attention,1,6,1,1,0,0,5,1,1,1,0.2857142857142857
viewed touch,Control,R_agEidu5kKdBHXzP,calming,calming,1,6,1,2,0,1,4,1,0.5,0.6666666666666666,0.2857142857142857
viewed touch,Control,R_agEidu5kKdBHXzP,gratitude,gratitude,0,6,1,0,1,0,5,0,0,0,0.2857142857142857
viewed touch,Control,R_agEidu5kKdBHXzP,happiness,happiness,1,6,1,2,0,1,4,1,0.5,0.6666666666666666,0.2857142857142857
viewed touch,Control,R_agEidu5kKdBHXzP,love,love,1,6,1,1,0,0,5,1,1,1,0.2857142857142857
viewed touch,Control,R_agEidu5kKdBHXzP,sadness,sadness,0,6,1,0,1,0,5,0,0,0,0.2857142857142857
viewed touch,Control,R_Au4y6fN35wNha49,attention,attention,1,6,1,1,0,0,5,1,1,1,0.2857142857142857
viewed touch,Control,R_Au4y6fN35wNha49,calming,calming,1,6,1,3,0,2,3,1,0.3333333333333333,0.5,0.2857142857142857
viewed touch,Control,R_Au4y6fN35wNha49,gratitude,gratitude,0,6,1,0,1,0,5,0,0,0,0.2857142857142857
viewed touch,Control,R_Au4y6fN35wNha49,happiness,happiness,0,6,1,0,1,0,5,0,0,0,0.2857142857142857
viewed touch,Control,R_Au4y6fN35wNha49,love,love,0,6,1,0,1,0,5,0,0,0,0.2857142857142857
viewed touch,Control,R_Au4y6fN35wNha49,sadness,sadness,1,6,1,1,0,0,5,1,1,1,0.2857142857142857
viewed touch,Control,R_DSOkAzM0gHFMbrb,attention,attention,1,6,1,1,0,0,5,1,1,1,0.2857142857142857
viewed touch,Control,R_DSOkAzM0gHFMbrb,calming,calming,1,6,1,1,0,0,5,1,1,1,0.2857142857142857
viewed touch,Control,R_DSOkAzM0gHFMbrb,gratitude,gratitude,1,6,1,1,0,0,5,1,1,1,0.2857142857142857
viewed touch,Control,R_DSOkAzM0gHFMbrb,happiness,happiness,1,6,1,1,0,0,5,1,1,1,0.2857142857142857
viewed touch,Control,R_DSOkAzM0gHFMbrb,love,love,1,6,1,1,0,0,5,1,1,1,0.2857142857142857
viewed touch,Control,R_DSOkAzM0gHFMbrb,sadness,sadness,1,6,1,1,0,0,5,1,1,1,0.2857142857142857
viewed touch,Control,R_eJUoqZ20XPkMKaJ,attention,attention,1,6,1,1,0,0,5,1,1,1,0.2857142857142857
viewed touch,Control,R_eJUoqZ20XPkMKaJ,calming,calming,1,6,1,2,0,1,4,1,0.5,0.6666666666666666,0.2857142857142857
viewed touch,Control,R_eJUoqZ20XPkMKaJ,gratitude,gratitude,0,6,1,0,1,0,5,0,0,0,0.2857142857142857
viewed touch,Control,R_eJUoqZ20XPkMKaJ,happiness,happiness,0,6,1,0,1,0,5,0,0,0,0.2857142857142857
viewed touch,Control,R_eJUoqZ20XPkMKaJ,love,love,1,6,1,1,0,0,5,1,1,1,0.2857142857142857
viewed touch,Control,R_eJUoqZ20XPkMKaJ,sadness,sadness,0,6,1,0,1,0,5,0,0,0,0.2857142857142857
viewed touch,Control,R_OONzo8eHKpJPAUV,attention,attention,1,6,1,1,0,0,5,1,1,1,0.2857142857142857
viewed touch,Control,R_OONzo8eHKpJPAUV,calming,calming,1,6,1,3,0,2,3,1,0.3333333333333333,0.5,0.2857142857142857
viewed touch,Control,R_OONzo8eHKpJPAUV,gratitude,gratitude,0,6,1,0,1,0,5,0,0,0,0.2857142857142857
viewed touch,Control,R_OONzo8eHKpJPAUV,happiness,happiness,0,6,1,0,1,0,5,0,0,0,0.2857142857142857
viewed touch,Control,R_OONzo8eHKpJPAUV,love,love,1,6,1,1,0,0,5,1,1,1,0.2857142857142857
viewed touch,Control,R_OONzo8eHKpJPAUV,sadness,sadness,0,6,1,0,1,0,5,0,0,0,0.2857142857142857
viewed touch,Control,R_OOvavv4lZZZ87DP,attention,attention,1,6,1,2,0,1,4,1,0.5,0.6666666666666666,0.2857142857142857
viewed touch,Control,R_OOvavv4lZZZ87DP,calming,calming,1,6,1,1,0,0,5,1,1,1,0.2857142857142857
viewed touch,Control,R_OOvavv4lZZZ87DP,gratitude,gratitude,0,6,1,1,1,1,4,0,0,0,0.2857142857142857
viewed touch,Control,R_OOvavv4lZZZ87DP,happiness,happiness,0,6,1,0,1,0,5,0,0,0,0.2857142857142857
viewed touch,Control,R_OOvavv4lZZZ87DP,love,love,1,6,1,1,0,0,5,1,1,1,0.2857142857142857
viewed touch,Control,R_OOvavv4lZZZ87DP,sadness,sadness,0,6,1,0,1,0,5,0,0,0,0.2857142857142857
viewed touch,Control,R_R34zgNP0TlelQu5,attention,attention,1,6,1,1,0,0,5,1,1,1,0.2857142857142857
viewed touch,Control,R_R34zgNP0TlelQu5,calming,calming,1,6,1,1,0,0,5,1,1,1,0.2857142857142857
viewed touch,Control,R_R34zgNP0TlelQu5,gratitude,gratitude,0,6,1,1,1,1,4,0,0,0,0.2857142857142857
viewed touch,Control,R_R34zgNP0TlelQu5,happiness,happiness,1,6,1,1,0,0,5,1,1,1,0.2857142857142857
viewed touch,Control,R_R34zgNP0TlelQu5,love,love,1,6,1,1,0,0,5,1,1,1,0.2857142857142857
viewed touch,Control,R_R34zgNP0TlelQu5,sadness,sadness,0,6,1,0,1,0,5,0,0,0,0.2857142857142857
viewed touch,Control,R_Re5zGBlOqvLdX5D,attention,attention,1,6,1,2,0,1,4,1,0.5,0.6666666666666666,0.2857142857142857
viewed touch,Control,R_Re5zGBlOqvLdX5D,calming,calming,0,6,1,0,1,0,5,0,0,0,0.2857142857142857
viewed touch,Control,R_Re5zGBlOqvLdX5D,gratitude,gratitude,1,6,1,1,0,0,5,1,1,1,0.2857142857142857
viewed touch,Control,R_Re5zGBlOqvLdX5D,happiness,happiness,0,6,1,0,1,0,5,0,0,0,0.2857142857142857
viewed touch,Control,R_Re5zGBlOqvLdX5D,love,love,1,6,1,1,0,0,5,1,1,1,0.2857142857142857
viewed touch,Control,R_Re5zGBlOqvLdX5D,sadness,sadness,0,6,1,0,1,0,5,0,0,0,0.2857142857142857
viewed touch,Control,R_sk7UrTZW67cdelH,attention,attention,1,6,1,3,0,2,3,1,0.3333333333333333,0.5,0.2857142857142857
viewed touch,Control,R_sk7UrTZW67cdelH,calming,calming,1,6,1,1,0,0,5,1,1,1,0.2857142857142857
viewed touch,Control,R_sk7UrTZW67cdelH,gratitude,gratitude,0,6,1,0,1,0,5,0,0,0,0.2857142857142857
viewed touch,Control,R_sk7UrTZW67cdelH,happiness,happiness,0,6,1,0,1,0,5,0,0,0,0.2857142857142857
viewed touch,Control,R_sk7UrTZW67cdelH,love,love,1,6,1,1,0,0,5,1,1,1,0.2857142857142857
viewed touch,Control,R_sk7UrTZW67cdelH,sadness,sadness,0,6,1,0,1,0,5,0,0,0,0.2857142857142857
viewed touch,Control,R_u37vldfoBo3FYul,attention,attention,1,6,1,1,0,0,5,1,1,1,0.2857142857142857
viewed touch,Control,R_u37vldfoBo3FYul,calming,calming,1,6,1,1,0,0,5,1,1,1,0.2857142857142857
viewed touch,Control,R_u37vldfoBo3FYul,gratitude,gratitude,0,6,1,1,1,1,4,0,0,0,0.2857142857142857
viewed touch,Control,R_u37vldfoBo3FYul,happiness,happiness,0,6,1,0,1,0,5,0,0,0,0.2857142857142857
viewed touch,Control,R_u37vldfoBo3FYul,love,love,1,6,1,1,0,0,5,1,1,1,0.2857142857142857
viewed touch,Control,R_u37vldfoBo3FYul,sadness,sadness,0,6,1,0,1,0,5,0,0,0,0.2857142857142857
viewed touch,Control,R_vrwpqt1h2QWdNsJ,attention,attention,1,6,1,1,0,0,5,1,1,1,0.2857142857142857
viewed touch,Control,R_vrwpqt1h2QWdNsJ,calming,calming,0,6,1,0,1,0,5,0,0,0,0.2857142857142857
viewed touch,Control,R_vrwpqt1h2QWdNsJ,gratitude,gratitude,0,6,1,0,1,0,5,0,0,0,0.2857142857142857
viewed touch,Control,R_vrwpqt1h2QWdNsJ,happiness,happiness,0,6,1,1,1,1,4,0,0,0,0.2857142857142857
viewed touch,Control,R_vrwpqt1h2QWdNsJ,love,love,1,6,1,1,0,0,5,1,1,1,0.2857142857142857
viewed touch,Control,R_vrwpqt1h2QWdNsJ,sadness,sadness,0,6,1,0,1,0,5,0,0,0,0.2857142857142857
viewed touch,Control,R_YS37ZXqdSx3kKOJ,attention,attention,1,6,1,2,0,1,4,1,0.5,0.6666666666666666,0.2857142857142857
viewed touch,Control,R_YS37ZXqdSx3kKOJ,calming,calming,0,6,1,1,1,1,4,0,0,0,0.2857142857142857
viewed touch,Control,R_YS37ZXqdSx3kKOJ,gratitude,gratitude,0,6,1,0,1,0,5,0,0,0,0.2857142857142857
viewed touch,Control,R_YS37ZXqdSx3kKOJ,happiness,happiness,1,6,1,1,0,0,5,1,1,1,0.2857142857142857
viewed touch,Control,R_YS37ZXqdSx3kKOJ,love,love,0,6,1,1,1,1,4,0,0,0,0.2857142857142857
viewed touch,Control,R_YS37ZXqdSx3kKOJ,sadness,sadness,0,6,1,0,1,0,5,0,0,0,0.2857142857142857
viewed touch,Control,R_Z2hwxB0KG3pZycV,attention,attention,1,6,1,2,0,1,4,1,0.5,0.6666666666666666,0.2857142857142857
viewed touch,Control,R_Z2hwxB0KG3pZycV,calming,calming,1,6,1,3,0,2,3,1,0.3333333333333333,0.5,0.2857142857142857
viewed touch,Control,R_Z2hwxB0KG3pZycV,gratitude,gratitude,0,6,1,0,1,0,5,0,0,0,0.2857142857142857
viewed touch,Control,R_Z2hwxB0KG3pZycV,happiness,happiness,0,6,1,0,1,0,5,0,0,0,0.2857142857142857
viewed touch,Control,R_Z2hwxB0KG3pZycV,love,love,1,6,1,1,0,0,5,1,1,1,0.2857142857142857
viewed touch,Control,R_Z2hwxB0KG3pZycV,sadness,sadness,0,6,1,0,1,0,5,0,0,0,0.2857142857142857
viewed touch,Control,R_Z80JY38v5PmAiTT,attention,attention,1,6,1,1,0,0,5,1,1,1,0.2857142857142857
viewed touch,Control,R_Z80JY38v5PmAiTT,calming,calming,0,6,1,3,1,3,2,0,0,0,0.2857142857142857
viewed touch,Control,R_Z80JY38v5PmAiTT,gratitude,gratitude,0,6,1,0,1,0,5,0,0,0,0.2857142857142857
viewed touch,Control,R_Z80JY38v5PmAiTT,happiness,happiness,1,6,1,1,0,0,5,1,1,1,0.2857142857142857
viewed touch,Control,R_Z80JY38v5PmAiTT,love,love,0,6,1,1,1,1,4,0,0,0,0.2857142857142857
viewed touch,Control,R_Z80JY38v5PmAiTT,sadness,sadness,0,6,1,0,1,0,5,0,0,0,0.2857142857142857
